Creator_ID,Creator_Name,Content_Type,Family_Safe,Main_Country,Audience_Age_Main,Audience_Gender_Main,YouTube_Followers,Instagram_Followers,TikTok_Followers,Avg_Views_YT,Avg_Views_IG,Avg_Views_TT,Avg_Campaign_Cost_USD
CR001,Creator_01,Food,Yes,Argentina,18-24,Men,219724,409708,462447,28453,62977,205855,3000
CR002,Creator_02,Food,Yes,Peru,18-24,Men,298530,439253,289989,58419,84523,124446,3000
CR003,Creator_03,Finance,Yes,Peru,18-24,Women,261722,222221,708890,111217,62294,225866,3000
CR004,Creator_04,Tech Reviews,No,Mexico,25-34,Women,563888,227058,638374,84408,33827,236652,3000
CR005,Creator_05,Tech Reviews,Yes,Argentina,18-24,Women,368192,235207,423657,9615,13707,88973,3000
CR006,Creator_06,Travel,Yes,Mexico,18-24,Women,329164,300313,523233,59130,66877,104366,3000
CR007,Creator_07,Wellness,Yes,Mexico,25-34,Women,303092,363119,470788,75486,142121,151260,3000
CR008,Creator_08,Wellness,Yes,Peru,25-34,Men,618577,157651,264182,240934,21465,74755,3000
CR009,Creator_09,Sustainability,Yes,Peru,18-24,Men,421885,463037,602347,141564,63984,216535,3000
CR010,Creator_10,News/Commentary,No,Argentina,18-24,Women,190848,455903,541085,48407,82679,86666,3000
CR011,Creator_11,Tech/Education,Yes,Colombia,25-34,Women,406213,208573,594331,65897,6289,228207,3000
CR012,Creator_12,Wellness,Yes,Colombia,18-24,Men,334876,207873,179106,117347,30119,79898,3000
CR013,Creator_13,Fitness,Yes,Argentina,25-34,Women,312229,180551,310131,47770,66257,91937,3000
CR014,Creator_14,Education,Yes,Chile,13-17,Women,197918,319914,596679,44175,90372,102356,3000
CR015,Creator_15,Comedy,Yes,Peru,25-34,Mixed,483028,333291,621308,44327,85650,335401,3000
CR016,Creator_16,Automotive,No,Colombia,18-24,Mixed,354097,319750,140704,100596,22884,33379,3000
CR017,Creator_17,Travel,No,Argentina,18-24,Men,261774,355137,571911,71281,32077,141120,3000
CR018,Creator_18,Tech Reviews,Yes,Colombia,13-17,Men,141995,299664,379184,36870,77870,167171,3000
CR019,Creator_19,Beauty,No,Argentina,13-17,Men,482481,384971,533152,98854,46279,90634,3000
CR020,Creator_20,Tech/Education,Yes,Mexico,13-17,Men,388602,383704,468520,80084,132177,202347,3000
CR021,Creator_21,Sports,Yes,Peru,25-34,Women,303688,359324,673095,84007,87863,174192,3000
CR022,Creator_22,Sustainability,Yes,Argentina,13-17,Men,500345,243636,399496,135246,54257,55454,3000
CR023,Creator_23,Kids/Education,Yes,Colombia,25-34,Women,192641,288474,461078,39982,89479,122500,3000
CR024,Creator_24,Travel,Yes,Colombia,25-34,Men,326724,314743,525671,99080,40327,227282,3000
CR025,Creator_25,Food,No,Argentina,18-24,Women,359507,269816,262651,87716,37973,75457,3000
CR026,Creator_26,Automotive,No,Argentina,18-24,Men,526632,333812,328316,115159,70501,94997,3000
CR027,Creator_27,Sustainability,Yes,Colombia,25-34,Women,482442,230517,295704,21920,35981,53876,3000
CR028,Creator_28,Food,Yes,Argentina,25-34,Women,396990,319491,415505,105586,60675,124528,3000
CR029,Creator_29,DIY,Yes,Mexico,18-24,Women,317685,287806,368811,73882,73755,81208,3000
CR030,Creator_30,Tech/Education,Yes,Colombia,18-24,Women,432596,299306,389001,105155,37945,105217,3000
CR031,Creator_31,Music,Yes,Peru,18-24,Women,472045,408766,441768,64535,59873,194917,3000
CR032,Creator_32,Tech/Education,Yes,Chile,18-24,Women,394354,216258,420547,58974,33703,107441,3000
CR033,Creator_33,Tech/Education,Yes,Colombia,18-24,Men,464792,143940,290185,65082,14540,84852,3000
CR034,Creator_34,Tech Reviews,Yes,Peru,18-24,Men,475464,302850,472318,131136,50051,181015,3000
CR035,Creator_35,Fitness,Yes,Peru,18-24,Men,421288,278098,463631,114747,61181,84645,3000
CR036,Creator_36,Sports,Yes,Argentina,18-24,Women,364225,414354,160126,48366,94918,74666,3000
CR037,Creator_37,Tech Reviews,Yes,Peru,25-34,Women,303106,143874,573403,73822,35574,167164,3000
CR038,Creator_38,Comedy,No,Colombia,25-34,Women,792535,374326,501113,190434,57391,189928,3000
CR039,Creator_39,News/Commentary,Yes,Argentina,18-24,Men,426313,331306,602848,120908,34101,88830,3000
CR040,Creator_40,Food,Yes,Argentina,18-24,Men,276955,154734,319557,97258,13366,61786,3000
CR041,Creator_41,Kids/Education,Yes,Colombia,25-34,Women,164857,139724,150284,35132,23978,31822,3000
CR042,Creator_42,Education,No,Colombia,18-24,Men,500400,153801,461705,82075,38983,173409,3000
CR043,Creator_43,Kids/Education,Yes,Chile,25-34,Women,84154,346537,659370,23837,73758,238676,3000
CR044,Creator_44,Sports,Yes,Mexico,35-44,Women,303021,272493,574669,72264,83200,120431,3000
CR045,Creator_45,Beauty,Yes,Peru,18-24,Mixed,426117,316092,638387,129712,37805,219619,3000
CR046,Creator_46,Food,Yes,Chile,18-24,Men,334347,272648,319553,83223,69497,63346,3000
CR047,Creator_47,Sustainability,Yes,Argentina,18-24,Women,269910,118230,456483,58264,7043,111902,3000
CR048,Creator_48,Lifestyle,Yes,Argentina,18-24,Mixed,403896,284010,700309,84214,55384,188880,3000
CR049,Creator_49,Beauty,Yes,Mexico,18-24,Women,402091,389535,663015,50044,62003,155956,3000
CR050,Creator_50,Wellness,Yes,Argentina,18-24,Men,307200,91531,433160,75972,19622,76229,3000
CR051,Creator_51,Sports,Yes,Chile,25-34,Women,363637,324287,347999,63826,33136,83753,3000
CR052,Creator_52,Food,Yes,Peru,25-34,Women,596776,92266,250750,130030,23424,59835,3000
CR053,Creator_53,Lifestyle,No,Mexico,18-24,Women,231584,306522,681606,39967,71593,204954,3000
CR054,Creator_54,Fitness,No,Chile,18-24,Women,279324,424427,440262,42742,108340,102179,3000
CR055,Creator_55,Kids/Education,Yes,Mexico,18-24,Women,360230,146943,496474,61023,14039,95183,3000
CR056,Creator_56,Food,Yes,Colombia,25-34,Mixed,363128,215016,531723,98087,31052,196152,3000
CR057,Creator_57,Education,Yes,Argentina,18-24,Men,338158,276352,153934,73515,48826,46879,3000
CR058,Creator_58,Gaming,Yes,Peru,25-34,Men,449283,528750,424513,94674,50372,118496,3000
CR059,Creator_59,Tech/Education,No,Mexico,25-34,Women,139872,226756,425391,44480,52297,132954,3000
CR060,Creator_60,DIY,Yes,Peru,18-24,Men,407825,411573,163651,125725,79063,37149,3000
CR061,Creator_61,Tech/Education,Yes,Argentina,18-24,Mixed,184358,486786,316718,30091,79583,65081,3000
CR062,Creator_62,Comedy,No,Colombia,35-44,Women,619537,310472,548144,98024,99852,163843,3000
CR063,Creator_63,Tech Reviews,Yes,Chile,18-24,Women,493517,461999,486218,58654,158379,151220,3000
CR064,Creator_64,Comedy,Yes,Argentina,25-34,Mixed,371393,331151,541568,125929,70018,83573,3000
CR065,Creator_65,Automotive,Yes,Chile,18-24,Women,545544,307239,439408,81284,26964,95014,3000
CR066,Creator_66,Music,No,Argentina,18-24,Women,414987,363255,723286,105695,103584,199675,3000
CR067,Creator_67,Kids/Education,Yes,Colombia,18-24,Mixed,90552,204140,525455,21395,56041,167361,3000
CR068,Creator_68,Wellness,No,Chile,18-24,Men,423568,374101,643868,139319,104563,181598,3000
CR069,Creator_69,Gaming,Yes,Argentina,35-44,Women,340853,442604,138231,49569,54414,35282,3000
CR070,Creator_70,News/Commentary,Yes,Peru,18-24,Women,501047,366019,717687,167839,103375,362480,3000
CR071,Creator_71,Entertainment,No,Mexico,18-24,Men,222085,319441,359251,50958,37050,120991,3000
CR072,Creator_72,Gaming,Yes,Chile,25-34,Men,416769,394274,482692,129266,81051,122341,3000
CR073,Creator_73,Education,No,Colombia,18-24,Men,501299,447120,271459,103891,28562,69532,3000
CR074,Creator_74,Travel,No,Mexico,18-24,Men,334064,512394,359123,54425,125783,105939,3000
CR075,Creator_75,Sustainability,Yes,Colombia,18-24,Women,351455,296814,59655,67448,45345,14628,3000
CR076,Creator_76,Education,Yes,Mexico,13-17,Women,399538,366097,250254,121837,90375,81727,3000
CR077,Creator_77,Fitness,Yes,Mexico,18-24,Mixed,402870,309085,564132,158227,101085,164312,3000
CR078,Creator_78,Education,No,Colombia,25-34,Women,425834,177346,202398,90361,52786,49969,3000
CR079,Creator_79,Travel,Yes,Mexico,18-24,Men,30000,125407,401447,9632,24383,108565,3000
CR080,Creator_80,Music,No,Mexico,13-17,Women,190952,472388,380585,64382,91812,147216,3000
