Comentario,Label
"Excelente producto, dejó mi piel luminosa y fresca satisfecha",positiva
"Me encanta el aroma cítrico, es muy agradable",positiva
Funciona perfecto para limpiar suavemente me gusto,positiva
Noté mejoras rápidas en mis manchas  me gusto,positiva
Mi piel se siente más uniforme,positiva
Gran relación calidad y precio recomiendo ampliamente,positiva
Absorbe rápido y no deja residuos buenos resultados,positiva
Ideal para usar diariamente contenta con la compra,positiva
La vitamina C deja sensación refrescante  me gusto,positiva
Mejoró mucho el aspecto de mi rostro,positiva
El envase con bomba es muy práctico buena calidad,positiva
Su textura es ligera y agradable buen producto,positiva
Deja la piel suave e hidratada buen prodiucto,positiva
Recomiendo totalmente este limpiador,positiva
Me gusta que sea sin sulfatos,positiva
Resultados visibles en pocas semanas  me gusto,positiva
Refresca sin resecar la piel buena calidad,positiva
Se siente nutritivo al aplicarlo  me gusto,positiva
Me ayuda con manchas pequeñas  me gusto,positiva
Siento la piel más saludable buen producto,positiva
Es un producto confiable,positiva
La textura se siente muy natural,positiva
Me ha funcionado mejor que otros,positiva
El precio es accesible para la calidad,positiva
Huele bien y funciona excelente,positiva
Se enjuaga fácilmente lo recomiendo,positiva
Muy contenta con la compra me gusto,positiva
La piel luce más radiante buenos resultados,positiva
Reduce imperfecciones notablemente buenos resultados,positiva
Muy recomendado para uso diario contenta con el producto,positiva
Me encanta cómo deja mi rostro recomiendo ampliamente,positiva
Resultados satisfactorios buen producto,positiva
Realmente cumple lo que promete buen producto,positiva
Textura cómoda y ligera buen producto,positiva
El mejor limpiador que probé satisfecha ,positiva
Me irritó la piel desde la primera aplicación muy malo,negativa
El aroma es demasiado fuerte,negativa
No eliminó manchas como esperaba,negativa
Dejó mi piel reseca y tirante,negativa
No noté ninguna mejora real,negativa
La textura es pegajosa  muy malo,negativa
Muy caro para el efecto decepción ,negativa
Provocó enrojecimiento en mi cara malo,negativa
El envase llegó defectuoso mal producto,negativa
No lo volvería a comprar arrepentido,negativa
Resultados decepcionantes no recomiendo,negativa
No cumple lo prometido arrepentido de la compra,negativa
La bomba no funciona bien producto defectuoso,negativa
Demasiado líquido y poco efectivo no recomiendo,negativa
El olor es desagradable no recomiendo mal producto,negativa
No hidrata lo suficiente no recomiendo,negativa
Me causó alergia leve mal producto,negativa
La piel queda incómoda después mala calidad,negativa
Lo siento como jabón común  mala calidad,negativa
Nada especial en este producto no recomiendo,negativa
Esperaba más por el precio decepcionado,negativa
No recomiendo su compra,negativa
No mejoró mis manchas no recomiendo,negativa
Sensación grasosa en el rostro no recomendable,negativa
Lo dejé de usar por irritación mal producto,negativa
