,age,father_education,mother_education,school_type,scholarship,smoking_frequency,study_hours_extra,extracurricular,work_hours,math_grade,language_grade,aptitude_score
0,20,posgrado,universidad,publico,0,no_fuma,<5,social,4.3,66.2,73.5,1300.0
1,21,bachillerato,primaria,publico,0,fumador_ocasional,15+,deportiva,3.3,81.6,64.3,1300.0
2,19,bachillerato,primaria,privado,0,no_fuma,15+,deportiva,19.2,71.1,86.3,1276.0
3,21,posgrado,sin_estudios,publico,0,fuma_poco,<5,cultural,16.5,54.3,74.5,1194.0
4,21,universidad,posgrado,privado,0,no_fuma,<10,deportiva,10.4,86.7,79.6,1300.0
5,18,primaria,universidad,privado,1,no_fuma,<5,deportiva,2.8,67.2,68.7,1300.0
6,19,bachillerato,secundaria,privado,1,fumador_constante,<10,deportiva,12.9,66.5,81.9,1300.0
7,19,bachillerato,secundaria,privado,1,no_fuma,15+,cultural,0.0,71.0,71.1,1300.0
8,19,secundaria,secundaria,publico,0,fumador_ocasional,<10,cultural,13.4,77.7,76.7,1266.0
9,21,universidad,universidad,privado,1,no_fuma,<5,social,20.7,74.4,85.9,1300.0
10,20,posgrado,bachillerato,privado,0,no_fuma,<10,cultural,0.0,80.5,85.1,1300.0
11,19,posgrado,secundaria,publico,0,fumador_constante,15+,cultural,0.0,61.6,77.8,1300.0
12,21,bachillerato,secundaria,publico,0,no_fuma,<15,deportiva,27.8,67.6,62.1,1267.0
13,18,primaria,primaria,privado,0,fumador_ocasional,<10,deportiva,5.9,73.8,100.0,1300.0
14,20,posgrado,bachillerato,publico,0,no_fuma,<5,social,23.4,94.0,93.7,1300.0
15,18,universidad,universidad,publico,0,fumador_ocasional,15+,deportiva,10.5,73.9,84.5,1300.0
16,20,primaria,secundaria,privado,0,no_fuma,15+,deportiva,10.4,85.9,71.2,1300.0
17,21,posgrado,sin_estudios,publico,0,no_fuma,<10,social,16.4,75.4,77.0,1285.0
18,17,universidad,primaria,publico,0,fumador_ocasional,<5,cultural,3.2,70.2,73.1,1228.0
19,20,bachillerato,posgrado,privado,0,fumador_constante,<5,deportiva,13.3,72.5,89.4,1300.0
20,18,bachillerato,secundaria,publico,0,fumador_constante,<5,deportiva,8.2,73.3,80.4,1300.0
21,21,secundaria,universidad,publico,1,fumador_ocasional,<15,social,0.0,81.0,70.9,1288.0
22,20,primaria,bachillerato,publico,1,fumador_ocasional,15+,social,15.4,88.7,73.8,1300.0
23,17,secundaria,secundaria,publico,0,no_fuma,<10,cultural,9.4,78.6,88.1,1293.0
24,17,universidad,secundaria,privado,0,no_fuma,15+,cultural,10.4,86.9,92.4,1300.0
25,19,sin_estudios,primaria,publico,0,no_fuma,<10,cultural,0.0,65.4,91.8,1247.0
26,19,secundaria,bachillerato,publico,1,no_fuma,<15,social,27.9,70.9,84.8,1233.0
27,18,secundaria,universidad,publico,0,no_fuma,<15,social,20.8,67.8,75.7,1238.0
28,20,bachillerato,bachillerato,publico,0,no_fuma,<5,deportiva,21.6,78.1,50.0,1227.0
29,20,posgrado,bachillerato,privado,0,no_fuma,<10,social,8.9,71.4,80.7,1287.0
30,19,secundaria,primaria,privado,0,fuma_poco,<15,deportiva,0.0,82.3,78.0,1300.0
31,20,secundaria,posgrado,publico,0,no_fuma,<5,deportiva,31.5,65.7,79.3,1273.0
32,20,universidad,universidad,publico,1,no_fuma,<10,cultural,11.4,75.4,78.5,1300.0
33,17,bachillerato,secundaria,publico,0,no_fuma,<10,cultural,4.5,81.9,66.1,1288.0
34,19,secundaria,posgrado,publico,0,fumador_ocasional,15+,social,16.2,54.3,83.0,1195.0
35,21,bachillerato,bachillerato,privado,1,fuma_poco,<10,deportiva,23.7,96.2,83.7,1300.0
36,19,primaria,bachillerato,publico,1,fuma_poco,15+,cultural,11.8,72.2,84.1,1300.0
37,21,primaria,universidad,publico,0,no_fuma,<10,social,24.8,54.7,86.5,1300.0
38,17,bachillerato,universidad,publico,0,no_fuma,<15,social,22.8,76.6,83.4,1256.0
39,18,secundaria,bachillerato,privado,0,no_fuma,<15,deportiva,1.2,75.3,74.3,1216.0
40,20,posgrado,primaria,privado,1,no_fuma,15+,deportiva,5.3,74.2,77.4,1300.0
41,17,secundaria,secundaria,publico,0,no_fuma,<10,cultural,21.6,84.9,78.8,1300.0
42,20,bachillerato,posgrado,privado,1,no_fuma,<15,deportiva,0.0,82.5,79.0,1300.0
43,18,bachillerato,secundaria,publico,0,no_fuma,<15,social,10.5,78.0,87.0,1236.0
44,18,sin_estudios,secundaria,publico,0,fumador_constante,<10,social,0.0,79.5,83.8,1300.0
45,17,bachillerato,bachillerato,privado,0,fumador_constante,<5,deportiva,7.2,74.0,96.7,1300.0
46,18,primaria,bachillerato,privado,0,no_fuma,<5,deportiva,9.0,92.8,97.9,1243.0
47,21,posgrado,bachillerato,privado,0,no_fuma,<5,deportiva,8.4,60.2,78.7,1257.0
48,18,primaria,posgrado,publico,0,no_fuma,15+,social,6.5,76.4,50.0,1300.0
49,20,secundaria,secundaria,publico,0,no_fuma,<5,deportiva,1.0,75.7,89.1,1293.0
50,20,primaria,primaria,privado,1,fumador_constante,<5,cultural,34.9,83.1,73.1,1245.0
51,20,posgrado,secundaria,publico,0,no_fuma,<15,cultural,30.7,66.6,70.8,1230.0
52,20,bachillerato,universidad,publico,1,fumador_ocasional,<10,cultural,0.4,57.6,74.4,1247.0
53,21,bachillerato,bachillerato,publico,0,no_fuma,<10,deportiva,27.8,76.6,74.0,1186.0
54,19,primaria,secundaria,privado,0,fumador_constante,<5,deportiva,8.0,77.8,83.5,1300.0
55,17,universidad,universidad,publico,0,no_fuma,15+,social,13.3,89.9,64.0,1238.0
56,20,secundaria,universidad,publico,0,fumador_ocasional,15+,social,11.4,62.3,68.3,1281.0
57,18,universidad,universidad,privado,1,no_fuma,15+,social,5.4,86.5,81.1,1300.0
58,20,secundaria,posgrado,publico,0,fuma_poco,<10,deportiva,21.8,98.7,83.6,1300.0
59,18,primaria,secundaria,publico,0,no_fuma,<15,deportiva,13.3,71.2,83.8,1233.0
60,18,sin_estudios,universidad,publico,0,no_fuma,<5,cultural,7.2,62.1,70.9,1299.0
61,20,bachillerato,bachillerato,publico,0,fumador_constante,<5,deportiva,0.0,70.9,69.2,1300.0
62,21,bachillerato,universidad,publico,0,fumador_constante,<5,social,3.1,75.1,73.4,1288.0
63,18,primaria,universidad,publico,1,fumador_ocasional,<15,cultural,0.0,80.6,80.2,1300.0
64,18,universidad,universidad,privado,1,fuma_poco,<10,deportiva,12.1,69.1,91.4,1300.0
65,20,bachillerato,bachillerato,publico,0,fumador_ocasional,<10,social,0.0,90.6,59.6,1300.0
66,18,bachillerato,secundaria,privado,0,no_fuma,<5,social,9.3,63.9,76.0,1202.0
67,18,secundaria,bachillerato,publico,0,no_fuma,<10,deportiva,25.7,57.6,66.0,1183.0
68,20,secundaria,posgrado,publico,0,no_fuma,<15,cultural,24.0,86.1,63.1,1300.0
69,20,bachillerato,posgrado,publico,0,fuma_poco,<10,deportiva,11.7,52.3,86.7,1276.0
70,17,primaria,primaria,publico,0,no_fuma,<15,deportiva,11.1,73.0,82.9,1300.0
71,21,primaria,secundaria,privado,0,no_fuma,<5,deportiva,30.8,100.0,82.0,1234.0
72,21,universidad,primaria,publico,0,fuma_poco,15+,cultural,17.2,74.9,86.3,1238.0
73,18,posgrado,universidad,publico,0,fumador_ocasional,<15,social,8.7,63.8,73.7,1300.0
74,21,secundaria,universidad,privado,0,no_fuma,<5,cultural,0.0,74.4,74.1,1278.0
75,18,secundaria,secundaria,privado,0,no_fuma,<5,deportiva,15.9,74.5,97.7,1277.0
76,17,bachillerato,bachillerato,privado,0,no_fuma,<15,cultural,20.3,76.6,75.8,1200.0
77,20,secundaria,universidad,publico,1,no_fuma,15+,deportiva,5.7,81.6,84.6,1300.0
78,20,sin_estudios,universidad,privado,0,no_fuma,<10,social,14.9,64.6,78.1,1243.0
79,20,primaria,bachillerato,publico,0,fuma_poco,<10,cultural,8.4,91.9,61.4,1300.0
80,21,universidad,bachillerato,publico,0,fuma_poco,15+,deportiva,10.2,77.5,59.6,1300.0
81,17,bachillerato,bachillerato,publico,1,fuma_poco,<15,deportiva,0.0,82.3,72.8,1300.0
82,21,sin_estudios,secundaria,publico,0,no_fuma,<10,social,9.8,68.7,87.5,1300.0
83,21,secundaria,bachillerato,publico,0,fumador_ocasional,<10,deportiva,21.7,87.9,85.1,1270.0
84,17,secundaria,universidad,publico,0,no_fuma,<5,social,5.7,72.4,86.2,1300.0
85,17,bachillerato,universidad,privado,1,no_fuma,<15,deportiva,12.5,77.8,69.1,1237.0
86,17,sin_estudios,bachillerato,publico,1,fumador_ocasional,<10,deportiva,4.4,65.7,92.5,1281.0
87,17,primaria,universidad,publico,0,no_fuma,15+,cultural,15.6,65.0,69.3,1197.0
88,20,universidad,secundaria,publico,1,no_fuma,<10,social,9.8,81.9,79.9,1300.0
89,19,primaria,bachillerato,privado,1,fumador_ocasional,<10,social,2.6,70.6,77.9,1300.0
90,19,bachillerato,sin_estudios,publico,1,no_fuma,<15,deportiva,25.3,66.5,76.4,1247.0
91,17,secundaria,secundaria,publico,0,fuma_poco,15+,deportiva,21.3,68.6,90.0,1240.0
92,19,primaria,universidad,privado,0,no_fuma,15+,deportiva,6.0,82.0,71.7,1300.0
93,19,secundaria,posgrado,privado,0,fuma_poco,<10,cultural,17.0,68.7,65.9,1228.0
94,17,universidad,primaria,publico,1,no_fuma,<15,cultural,17.4,73.8,78.2,1300.0
95,19,universidad,bachillerato,privado,0,no_fuma,<15,social,18.4,75.2,74.4,1236.0
96,21,universidad,universidad,privado,0,fuma_poco,<10,social,0.0,55.8,100.0,1300.0
97,18,secundaria,secundaria,privado,0,no_fuma,<5,deportiva,22.1,60.3,84.1,1153.0
98,18,bachillerato,bachillerato,publico,1,no_fuma,<10,cultural,6.3,78.4,74.3,1284.0
99,17,secundaria,universidad,privado,1,no_fuma,<5,social,8.4,67.6,68.5,1300.0
100,20,secundaria,bachillerato,publico,0,no_fuma,15+,social,38.4,85.6,61.1,1228.0
101,17,universidad,secundaria,publico,1,no_fuma,<10,deportiva,15.0,84.7,68.8,1251.0
102,20,sin_estudios,secundaria,publico,0,no_fuma,15+,deportiva,8.1,82.2,79.0,1300.0
103,18,primaria,universidad,publico,1,fumador_constante,<10,cultural,0.0,93.2,90.8,1300.0
104,17,secundaria,bachillerato,publico,0,no_fuma,<15,deportiva,25.9,74.2,88.1,1252.0
105,21,sin_estudios,sin_estudios,privado,0,no_fuma,<10,deportiva,0.0,81.5,80.1,1229.0
106,19,primaria,universidad,publico,1,no_fuma,<5,deportiva,2.0,69.2,75.1,1300.0
107,20,bachillerato,primaria,publico,0,no_fuma,<10,cultural,8.7,99.5,80.4,1300.0
108,19,secundaria,universidad,publico,1,fumador_constante,<5,deportiva,26.2,94.8,73.3,1257.0
109,19,universidad,secundaria,publico,0,no_fuma,<15,deportiva,19.7,75.1,93.5,1300.0
110,17,universidad,posgrado,privado,0,fumador_constante,<10,deportiva,10.4,78.9,76.3,1300.0
111,19,secundaria,secundaria,publico,0,no_fuma,<15,social,15.1,88.6,77.2,1266.0
112,21,secundaria,secundaria,publico,0,fuma_poco,<5,social,6.0,73.5,58.1,1190.0
113,19,secundaria,primaria,publico,0,no_fuma,<5,cultural,13.4,68.4,76.2,1275.0
114,17,bachillerato,secundaria,publico,0,fumador_ocasional,<10,cultural,12.7,83.7,85.5,1300.0
115,21,secundaria,universidad,publico,0,fuma_poco,15+,social,21.7,75.8,68.4,1183.0
116,18,bachillerato,posgrado,privado,0,no_fuma,<15,deportiva,21.7,76.8,71.2,1300.0
117,19,secundaria,secundaria,privado,1,no_fuma,<10,deportiva,16.9,66.7,85.1,1264.0
118,17,bachillerato,bachillerato,publico,1,no_fuma,<10,deportiva,8.4,57.8,64.7,1300.0
119,18,secundaria,universidad,privado,0,fumador_constante,<5,deportiva,19.4,77.4,87.5,1300.0
120,18,secundaria,universidad,privado,1,no_fuma,15+,deportiva,11.1,84.0,73.2,1299.0
121,20,posgrado,bachillerato,privado,0,no_fuma,<15,social,1.2,72.7,74.5,1300.0
122,21,universidad,secundaria,publico,0,fumador_ocasional,<10,cultural,8.0,89.4,67.9,1296.0
123,19,primaria,bachillerato,publico,1,no_fuma,<15,cultural,12.8,68.0,81.4,1198.0
124,17,universidad,universidad,publico,1,fumador_constante,<5,social,21.1,64.5,100.0,1300.0
125,20,bachillerato,sin_estudios,privado,0,fuma_poco,15+,deportiva,10.2,74.3,85.0,1300.0
126,21,universidad,bachillerato,privado,1,fuma_poco,<5,deportiva,0.0,74.2,70.2,1300.0
127,20,universidad,secundaria,publico,0,fumador_ocasional,<15,cultural,12.6,82.7,88.2,1300.0
128,21,secundaria,universidad,publico,1,no_fuma,<5,cultural,13.1,67.3,75.1,1300.0
129,21,sin_estudios,primaria,privado,0,no_fuma,<15,deportiva,13.9,88.7,90.4,1300.0
130,19,secundaria,bachillerato,privado,0,no_fuma,<15,cultural,21.2,94.7,85.3,1300.0
131,21,bachillerato,bachillerato,privado,0,no_fuma,<15,cultural,22.2,74.6,51.5,1267.0
132,20,bachillerato,bachillerato,privado,0,fuma_poco,<15,cultural,6.1,87.5,69.0,1300.0
133,21,secundaria,primaria,publico,0,fumador_constante,15+,cultural,5.8,64.4,86.5,1177.0
134,19,primaria,bachillerato,publico,1,no_fuma,<5,deportiva,1.6,85.8,79.4,1300.0
135,19,universidad,bachillerato,privado,0,no_fuma,<10,deportiva,19.0,85.5,68.8,1300.0
136,20,posgrado,bachillerato,publico,0,fumador_constante,<5,cultural,26.5,83.6,72.3,1300.0
137,18,bachillerato,bachillerato,publico,0,no_fuma,15+,deportiva,8.8,74.8,60.8,1300.0
138,18,primaria,universidad,privado,0,no_fuma,<10,social,9.6,50.0,77.2,1189.0
139,21,secundaria,universidad,publico,0,no_fuma,<15,cultural,26.7,68.6,97.9,1300.0
140,17,sin_estudios,secundaria,privado,0,fumador_constante,<15,deportiva,17.1,68.7,85.2,1203.0
141,21,posgrado,universidad,publico,0,fuma_poco,<5,social,16.4,65.2,97.7,1300.0
142,20,primaria,bachillerato,privado,0,fumador_ocasional,<5,cultural,0.1,76.2,85.9,1300.0
143,20,bachillerato,primaria,publico,0,fumador_ocasional,<10,deportiva,18.8,70.8,87.2,1240.0
144,20,secundaria,primaria,publico,1,no_fuma,<10,social,2.7,66.8,95.8,1270.0
145,20,bachillerato,secundaria,publico,1,no_fuma,<5,social,0.7,64.4,81.4,1254.0
146,20,bachillerato,universidad,publico,0,fumador_ocasional,<5,cultural,8.5,67.8,76.3,1300.0
147,19,universidad,universidad,privado,0,no_fuma,15+,deportiva,6.1,86.2,87.3,1300.0
148,18,secundaria,universidad,privado,0,fumador_ocasional,15+,cultural,9.8,68.4,91.1,1300.0
149,20,sin_estudios,bachillerato,publico,0,fumador_constante,<10,social,0.0,69.9,73.7,1300.0
150,17,primaria,bachillerato,publico,0,fuma_poco,<10,deportiva,21.6,70.4,71.5,1276.0
151,17,posgrado,primaria,publico,0,fuma_poco,<5,deportiva,23.3,78.4,79.2,1201.0
152,17,universidad,secundaria,publico,0,fumador_ocasional,<15,social,0.0,79.6,85.5,1300.0
153,17,bachillerato,bachillerato,privado,0,fumador_ocasional,15+,deportiva,21.8,50.0,85.2,1300.0
154,19,bachillerato,primaria,privado,0,no_fuma,<5,social,3.9,85.2,65.2,1300.0
155,17,bachillerato,secundaria,privado,1,no_fuma,<5,cultural,20.6,89.4,95.2,1300.0
156,20,primaria,bachillerato,privado,1,no_fuma,<15,cultural,11.3,64.5,72.2,1278.0
157,21,posgrado,universidad,publico,0,fuma_poco,<15,deportiva,12.3,65.3,75.6,1300.0
158,17,secundaria,posgrado,privado,0,no_fuma,<5,social,10.1,70.5,69.9,1300.0
159,19,secundaria,posgrado,privado,1,fuma_poco,<15,deportiva,24.1,67.4,100.0,1299.0
160,19,bachillerato,bachillerato,privado,1,no_fuma,<10,cultural,0.0,77.2,80.2,1300.0
161,17,sin_estudios,bachillerato,privado,0,fuma_poco,<10,cultural,18.1,55.5,70.3,1200.0
162,21,primaria,bachillerato,publico,0,no_fuma,<15,cultural,23.0,63.8,85.8,1250.0
163,17,universidad,universidad,privado,0,fuma_poco,15+,social,19.2,90.4,84.9,1292.0
164,19,primaria,primaria,publico,0,no_fuma,<10,cultural,35.2,65.7,76.3,1185.0
165,18,bachillerato,bachillerato,publico,0,no_fuma,15+,deportiva,6.7,87.4,85.6,1300.0
166,20,secundaria,universidad,publico,0,no_fuma,<10,social,21.6,78.6,70.6,1248.0
167,19,secundaria,secundaria,privado,0,fuma_poco,<15,cultural,10.9,56.9,73.6,1181.0
168,17,secundaria,bachillerato,privado,0,no_fuma,<10,deportiva,24.3,81.4,59.9,1230.0
169,20,secundaria,bachillerato,privado,1,no_fuma,15+,deportiva,11.9,73.8,66.1,1278.0
170,17,universidad,secundaria,privado,0,fumador_constante,15+,social,8.1,70.4,94.3,1300.0
171,17,secundaria,secundaria,publico,0,fuma_poco,<5,deportiva,25.1,77.4,92.8,1217.0
172,18,bachillerato,secundaria,privado,0,fumador_constante,15+,cultural,7.1,79.7,78.6,1270.0
173,20,bachillerato,sin_estudios,publico,0,no_fuma,15+,cultural,0.0,82.1,93.0,1300.0
174,20,bachillerato,sin_estudios,publico,1,no_fuma,<15,deportiva,6.8,86.8,76.6,1287.0
175,18,posgrado,universidad,publico,0,fumador_ocasional,<5,cultural,18.2,79.1,75.8,1300.0
176,19,universidad,secundaria,privado,0,no_fuma,15+,deportiva,25.9,61.2,78.5,1270.0
177,17,secundaria,bachillerato,privado,1,fuma_poco,15+,cultural,13.1,70.3,76.9,1300.0
178,21,sin_estudios,secundaria,publico,0,no_fuma,<10,cultural,25.2,100.0,76.1,1300.0
179,17,secundaria,posgrado,publico,1,no_fuma,15+,cultural,0.0,82.2,88.3,1300.0
180,17,bachillerato,secundaria,privado,0,no_fuma,<5,cultural,7.6,98.7,79.4,1300.0
181,19,primaria,bachillerato,publico,0,no_fuma,<5,social,9.1,89.0,84.4,1300.0
182,17,bachillerato,universidad,privado,0,no_fuma,<10,social,10.9,77.4,87.3,1300.0
183,18,bachillerato,universidad,privado,0,no_fuma,<15,deportiva,12.8,78.0,81.5,1300.0
184,18,secundaria,secundaria,publico,1,fumador_constante,<15,deportiva,18.9,74.6,69.3,1300.0
185,20,universidad,universidad,publico,1,no_fuma,<5,cultural,7.6,57.6,65.8,1256.0
186,21,primaria,bachillerato,privado,0,fuma_poco,15+,social,13.4,75.2,79.3,1296.0
187,17,primaria,bachillerato,privado,0,fumador_ocasional,<5,social,11.5,87.1,76.5,1300.0
188,17,universidad,primaria,publico,1,fuma_poco,<5,social,2.7,69.0,78.8,1249.0
189,19,bachillerato,primaria,privado,1,no_fuma,<5,deportiva,10.9,79.1,77.9,1300.0
190,18,bachillerato,universidad,publico,0,fuma_poco,<15,cultural,10.6,83.5,100.0,1300.0
191,21,secundaria,bachillerato,publico,0,fuma_poco,15+,cultural,10.3,65.9,66.0,1287.0
192,20,secundaria,bachillerato,privado,0,fuma_poco,<15,deportiva,12.3,70.5,60.1,1255.0
193,18,universidad,universidad,privado,1,fumador_ocasional,15+,deportiva,12.8,64.8,81.0,1300.0
194,20,universidad,universidad,publico,0,fumador_constante,<5,social,7.7,66.8,74.6,1300.0
195,19,bachillerato,secundaria,privado,0,fuma_poco,<10,deportiva,24.7,62.1,80.8,1286.0
196,19,secundaria,bachillerato,publico,1,no_fuma,<10,deportiva,0.3,66.0,83.3,1300.0
197,17,bachillerato,primaria,publico,0,fuma_poco,<10,deportiva,4.8,89.2,89.6,1300.0
198,21,secundaria,universidad,publico,0,no_fuma,<5,social,39.8,65.8,64.4,1211.0
199,20,primaria,bachillerato,privado,0,fumador_ocasional,<15,cultural,1.6,76.3,73.0,1300.0
200,18,posgrado,posgrado,publico,0,no_fuma,<10,cultural,0.0,70.0,81.9,1295.0
201,19,primaria,primaria,publico,0,no_fuma,<15,social,19.3,86.8,84.9,1299.0
202,17,posgrado,primaria,publico,0,fumador_ocasional,<10,deportiva,0.0,88.1,97.7,1290.0
203,17,secundaria,secundaria,privado,0,fuma_poco,<5,cultural,9.6,83.6,86.6,1300.0
204,20,primaria,secundaria,privado,0,no_fuma,<15,deportiva,33.5,78.1,77.5,1286.0
205,19,bachillerato,secundaria,privado,1,no_fuma,<5,deportiva,0.0,72.7,70.0,1300.0
206,21,universidad,posgrado,publico,1,fumador_ocasional,15+,social,0.0,63.1,72.9,1300.0
207,19,universidad,secundaria,publico,0,no_fuma,<15,social,0.0,94.4,72.7,1300.0
208,20,universidad,secundaria,publico,0,fumador_ocasional,<5,deportiva,21.0,67.4,83.9,1300.0
209,20,bachillerato,universidad,privado,0,no_fuma,15+,deportiva,23.2,81.6,80.3,1300.0
210,19,bachillerato,bachillerato,privado,0,fumador_ocasional,<10,cultural,6.9,85.6,66.1,1300.0
211,20,universidad,universidad,publico,0,fumador_ocasional,<5,deportiva,18.8,69.4,74.1,1299.0
212,19,secundaria,primaria,privado,0,no_fuma,<15,deportiva,25.9,85.4,85.9,1300.0
213,18,bachillerato,bachillerato,publico,0,no_fuma,<10,deportiva,29.9,82.6,81.2,1223.0
214,19,secundaria,primaria,publico,0,no_fuma,15+,deportiva,9.5,92.3,83.1,1300.0
215,19,posgrado,primaria,publico,0,fuma_poco,15+,social,0.0,70.3,81.4,1300.0
216,20,posgrado,posgrado,publico,0,no_fuma,15+,deportiva,3.8,62.1,92.6,1300.0
217,20,sin_estudios,primaria,publico,0,fuma_poco,<10,deportiva,7.7,69.9,80.1,1277.0
218,17,universidad,bachillerato,publico,0,no_fuma,<10,cultural,9.4,77.1,74.5,1231.0
219,17,posgrado,bachillerato,publico,0,no_fuma,<15,social,10.1,75.6,69.8,1296.0
220,18,primaria,secundaria,privado,1,no_fuma,<5,deportiva,23.2,71.1,80.2,1235.0
221,17,bachillerato,posgrado,publico,1,no_fuma,<10,deportiva,24.7,55.9,56.0,1243.0
222,19,posgrado,sin_estudios,publico,0,fuma_poco,<10,deportiva,10.3,79.7,76.3,1261.0
223,20,sin_estudios,bachillerato,privado,0,fumador_ocasional,<5,cultural,23.0,94.7,76.1,1257.0
224,17,bachillerato,posgrado,publico,0,fuma_poco,<10,cultural,15.6,79.6,65.7,1200.0
225,17,secundaria,bachillerato,publico,0,no_fuma,15+,social,12.6,81.1,69.6,1300.0
226,18,posgrado,posgrado,privado,0,fumador_constante,15+,social,21.1,80.7,85.3,1300.0
227,18,posgrado,primaria,publico,1,fuma_poco,<5,social,12.7,79.0,80.1,1300.0
228,19,posgrado,bachillerato,publico,0,fumador_constante,<5,cultural,32.6,84.3,78.9,1300.0
229,20,bachillerato,secundaria,publico,1,no_fuma,<10,cultural,0.0,79.0,80.8,1285.0
230,18,universidad,universidad,privado,0,no_fuma,15+,deportiva,6.8,71.9,78.8,1271.0
231,17,universidad,posgrado,publico,0,no_fuma,<5,social,10.7,67.0,89.2,1267.0
232,20,secundaria,secundaria,privado,1,fuma_poco,<15,deportiva,16.4,72.5,79.1,1263.0
233,20,universidad,bachillerato,publico,0,no_fuma,<5,deportiva,24.7,78.1,64.9,1283.0
234,17,sin_estudios,secundaria,publico,0,no_fuma,<15,cultural,11.8,71.8,92.7,1250.0
235,18,bachillerato,bachillerato,publico,0,no_fuma,<10,deportiva,0.0,78.1,81.3,1300.0
236,17,secundaria,bachillerato,privado,0,fuma_poco,<15,cultural,20.4,79.4,72.7,1300.0
237,20,primaria,posgrado,publico,1,fuma_poco,<5,cultural,19.5,83.3,66.7,1300.0
238,21,primaria,bachillerato,publico,0,no_fuma,<15,cultural,0.0,87.8,81.6,1300.0
239,21,bachillerato,secundaria,publico,1,no_fuma,<5,social,12.0,75.8,76.9,1300.0
240,19,secundaria,primaria,publico,1,fuma_poco,<15,deportiva,0.0,61.9,92.2,1300.0
241,17,universidad,secundaria,privado,1,fumador_constante,15+,cultural,5.4,71.5,74.9,1300.0
242,17,primaria,secundaria,publico,0,fuma_poco,<5,cultural,3.0,75.4,70.5,1279.0
243,19,secundaria,secundaria,publico,0,fumador_constante,15+,cultural,20.1,56.6,86.1,1300.0
244,19,bachillerato,universidad,publico,1,fumador_ocasional,<15,social,13.2,88.9,86.3,1300.0
245,19,universidad,bachillerato,privado,0,fuma_poco,<5,deportiva,0.0,76.4,79.5,1300.0
246,20,secundaria,bachillerato,publico,0,no_fuma,<10,cultural,20.8,78.8,84.1,1270.0
247,17,bachillerato,primaria,publico,0,fuma_poco,<5,deportiva,0.0,88.7,77.7,1300.0
248,20,universidad,universidad,privado,0,fuma_poco,<15,social,15.3,68.7,80.1,1300.0
249,19,bachillerato,universidad,privado,0,fuma_poco,<15,deportiva,3.9,80.7,88.5,1300.0
250,17,secundaria,primaria,publico,0,no_fuma,<5,cultural,8.3,73.9,83.6,1198.0
251,20,sin_estudios,universidad,publico,0,no_fuma,<10,deportiva,17.0,73.2,76.5,1260.0
252,20,universidad,bachillerato,publico,1,no_fuma,15+,deportiva,17.2,67.3,90.2,1300.0
253,19,sin_estudios,primaria,publico,0,no_fuma,15+,cultural,25.4,91.7,56.7,1300.0
254,17,universidad,bachillerato,publico,1,no_fuma,<10,social,11.2,71.2,96.5,1284.0
255,19,bachillerato,bachillerato,publico,0,fumador_ocasional,15+,cultural,15.1,82.0,62.6,1284.0
256,17,posgrado,secundaria,publico,1,no_fuma,<10,social,7.6,56.2,72.4,1242.0
257,21,universidad,posgrado,publico,0,no_fuma,<10,cultural,13.8,86.8,77.6,1300.0
258,18,posgrado,universidad,privado,1,no_fuma,15+,cultural,16.4,85.5,76.7,1300.0
259,18,secundaria,bachillerato,privado,0,fuma_poco,<10,deportiva,11.0,76.0,87.1,1273.0
260,18,universidad,bachillerato,publico,1,no_fuma,<10,social,0.0,72.7,68.5,1300.0
261,19,secundaria,bachillerato,publico,0,no_fuma,<10,deportiva,15.3,79.0,80.3,1281.0
262,21,bachillerato,bachillerato,publico,1,fuma_poco,15+,social,15.6,97.9,72.8,1300.0
263,17,bachillerato,bachillerato,privado,1,no_fuma,15+,social,5.2,57.4,80.7,1249.0
264,20,universidad,primaria,publico,0,fumador_constante,<10,social,0.0,82.8,77.4,1300.0
265,17,posgrado,bachillerato,publico,0,fumador_constante,<10,cultural,26.8,65.9,78.8,1300.0
266,20,universidad,universidad,publico,1,no_fuma,<10,cultural,16.9,74.8,73.1,1300.0
267,17,secundaria,bachillerato,publico,0,no_fuma,<15,social,9.7,72.5,73.4,1262.0
268,21,secundaria,primaria,publico,1,fuma_poco,<5,deportiva,0.6,70.7,80.6,1300.0
269,20,universidad,universidad,publico,0,no_fuma,<15,cultural,3.8,74.9,86.5,1300.0
270,19,secundaria,secundaria,publico,0,no_fuma,<10,deportiva,25.0,63.7,72.6,1237.0
271,17,primaria,secundaria,privado,1,no_fuma,<10,cultural,13.4,85.3,70.2,1300.0
272,17,secundaria,secundaria,publico,0,fumador_constante,<5,deportiva,6.5,57.1,83.5,1300.0
273,20,secundaria,secundaria,privado,1,no_fuma,<5,deportiva,17.1,80.4,77.7,1300.0
274,19,secundaria,universidad,privado,0,fuma_poco,15+,deportiva,3.9,71.7,85.5,1292.0
275,19,secundaria,bachillerato,publico,0,fuma_poco,<10,cultural,27.0,63.3,69.8,1195.0
276,21,sin_estudios,secundaria,publico,0,no_fuma,<5,cultural,25.5,77.0,62.0,1111.0
277,19,sin_estudios,universidad,publico,0,no_fuma,<10,deportiva,7.3,59.4,73.2,1300.0
278,19,posgrado,universidad,publico,0,fumador_constante,<10,cultural,5.7,75.4,71.1,1300.0
279,19,secundaria,universidad,privado,0,no_fuma,<5,deportiva,0.0,60.8,77.3,1236.0
280,18,secundaria,secundaria,privado,0,fuma_poco,<10,cultural,0.0,79.6,72.3,1287.0
281,21,bachillerato,bachillerato,publico,0,no_fuma,<10,cultural,0.0,65.8,84.7,1273.0
282,17,secundaria,posgrado,publico,1,no_fuma,<15,cultural,13.4,70.5,75.4,1300.0
283,20,posgrado,universidad,privado,0,no_fuma,<10,cultural,8.7,77.9,79.4,1266.0
284,17,universidad,sin_estudios,privado,0,no_fuma,<10,deportiva,0.0,67.3,79.4,1285.0
285,21,primaria,primaria,privado,0,no_fuma,15+,social,9.2,74.4,79.8,1269.0
286,20,secundaria,bachillerato,publico,0,fumador_ocasional,<10,cultural,17.1,59.9,77.8,1296.0
287,21,universidad,posgrado,publico,1,no_fuma,<10,cultural,17.3,81.3,82.6,1300.0
288,19,posgrado,bachillerato,privado,0,no_fuma,<5,cultural,0.0,92.6,70.8,1267.0
289,20,bachillerato,bachillerato,privado,0,no_fuma,<10,deportiva,10.7,100.0,90.6,1300.0
290,19,bachillerato,primaria,publico,0,fumador_ocasional,<15,cultural,0.0,75.9,75.9,1261.0
291,17,primaria,bachillerato,publico,0,no_fuma,<5,cultural,21.0,82.9,66.2,1262.0
292,17,posgrado,universidad,publico,1,fuma_poco,<15,deportiva,19.8,57.2,79.7,1300.0
293,20,secundaria,secundaria,publico,0,no_fuma,<5,deportiva,3.0,90.0,70.3,1225.0
294,20,posgrado,universidad,publico,1,no_fuma,<10,deportiva,4.3,82.8,84.0,1300.0
295,21,bachillerato,posgrado,privado,0,no_fuma,<15,social,7.4,70.2,97.9,1300.0
296,21,bachillerato,secundaria,publico,0,fumador_ocasional,<10,cultural,0.0,87.4,70.9,1300.0
297,19,bachillerato,bachillerato,privado,1,no_fuma,<15,deportiva,15.4,72.5,81.0,1300.0
298,20,secundaria,secundaria,publico,0,no_fuma,<5,deportiva,9.3,70.4,62.2,1229.0
299,17,primaria,universidad,privado,0,no_fuma,<15,cultural,21.7,79.8,82.1,1300.0
300,21,secundaria,bachillerato,privado,0,fumador_ocasional,<5,social,1.0,64.4,70.0,1231.0
301,21,primaria,bachillerato,publico,0,no_fuma,15+,deportiva,5.8,85.2,72.4,1300.0
302,17,universidad,universidad,publico,0,no_fuma,<5,deportiva,0.0,64.4,68.1,1300.0
303,21,secundaria,secundaria,publico,0,no_fuma,15+,social,2.0,64.5,84.6,1252.0
304,19,primaria,posgrado,publico,0,no_fuma,<10,deportiva,0.2,65.9,87.1,1300.0
305,20,posgrado,bachillerato,privado,0,fuma_poco,<15,deportiva,22.0,82.6,78.2,1300.0
306,17,universidad,secundaria,privado,0,fuma_poco,<10,social,5.0,68.8,70.2,1300.0
307,20,posgrado,universidad,publico,0,no_fuma,15+,cultural,13.2,61.5,92.3,1300.0
308,21,posgrado,universidad,publico,0,no_fuma,<5,deportiva,8.2,68.9,71.2,1300.0
309,21,primaria,secundaria,publico,0,no_fuma,<5,deportiva,0.0,74.7,58.5,1245.0
310,17,secundaria,universidad,privado,1,no_fuma,<10,deportiva,10.3,63.2,82.1,1296.0
311,19,universidad,posgrado,publico,0,no_fuma,<5,deportiva,18.0,63.5,68.1,1278.0
312,18,bachillerato,secundaria,publico,1,fumador_ocasional,<5,social,0.0,96.1,86.9,1300.0
313,17,primaria,posgrado,publico,0,fumador_constante,15+,cultural,20.1,66.4,74.6,1233.0
314,18,universidad,primaria,publico,0,fumador_constante,15+,cultural,3.5,71.8,83.4,1300.0
315,18,secundaria,secundaria,publico,0,fumador_ocasional,<10,social,7.2,71.3,90.6,1214.0
316,19,secundaria,secundaria,privado,0,fuma_poco,15+,cultural,17.3,70.8,67.1,1224.0
317,18,bachillerato,posgrado,publico,0,fuma_poco,<10,deportiva,5.4,81.2,72.9,1300.0
318,18,bachillerato,bachillerato,publico,0,no_fuma,<10,cultural,12.4,84.5,77.3,1300.0
319,19,bachillerato,secundaria,privado,0,fuma_poco,<15,social,8.9,71.9,91.8,1300.0
320,18,primaria,bachillerato,privado,1,no_fuma,<15,social,13.3,62.6,72.1,1159.0
321,18,universidad,bachillerato,publico,0,no_fuma,15+,deportiva,0.0,87.7,72.6,1300.0
322,18,secundaria,primaria,publico,0,fumador_ocasional,<10,cultural,0.0,74.0,82.3,1198.0
323,17,primaria,universidad,publico,1,no_fuma,<15,cultural,18.2,92.3,72.8,1300.0
324,17,universidad,universidad,publico,0,no_fuma,<5,social,22.4,52.5,79.4,1247.0
325,17,posgrado,bachillerato,publico,0,fumador_constante,<5,deportiva,2.9,77.0,64.0,1300.0
326,19,universidad,posgrado,publico,0,no_fuma,<5,cultural,9.6,94.2,97.9,1300.0
327,21,universidad,bachillerato,publico,1,no_fuma,15+,social,14.9,71.5,65.9,1300.0
328,18,bachillerato,posgrado,privado,1,fumador_constante,15+,cultural,18.9,72.7,75.1,1300.0
329,18,bachillerato,bachillerato,publico,0,fuma_poco,<15,cultural,0.0,78.0,77.7,1300.0
330,19,primaria,bachillerato,privado,0,no_fuma,<10,deportiva,3.1,69.4,95.2,1247.0
331,18,secundaria,secundaria,publico,1,no_fuma,<10,deportiva,8.7,71.9,66.1,1287.0
332,17,secundaria,universidad,privado,0,no_fuma,<5,deportiva,19.0,71.6,95.9,1239.0
333,21,secundaria,bachillerato,privado,0,fumador_ocasional,<10,social,37.0,68.7,84.8,1300.0
334,20,universidad,secundaria,privado,0,fuma_poco,<10,deportiva,9.7,87.3,81.8,1300.0
335,18,bachillerato,sin_estudios,privado,0,no_fuma,<15,cultural,0.0,79.6,69.1,1300.0
336,17,primaria,bachillerato,privado,0,no_fuma,<10,cultural,16.0,77.5,83.1,1267.0
337,20,secundaria,bachillerato,publico,0,no_fuma,<5,deportiva,25.2,83.1,71.5,1287.0
338,21,bachillerato,universidad,publico,0,fumador_constante,<5,cultural,13.1,72.4,89.4,1300.0
339,20,primaria,posgrado,publico,0,no_fuma,<5,cultural,2.9,67.3,69.3,1270.0
340,17,universidad,primaria,privado,1,fuma_poco,<10,social,21.6,69.0,77.0,1247.0
341,20,bachillerato,universidad,privado,0,no_fuma,15+,cultural,18.6,75.0,73.0,1300.0
342,19,bachillerato,secundaria,publico,0,fuma_poco,<15,cultural,1.7,64.4,69.1,1221.0
343,20,bachillerato,universidad,publico,0,fumador_constante,15+,deportiva,15.8,70.0,84.7,1279.0
344,18,universidad,universidad,publico,0,fuma_poco,<10,social,22.0,69.8,82.8,1300.0
345,18,secundaria,bachillerato,privado,0,no_fuma,<10,deportiva,23.8,96.2,88.9,1300.0
346,19,bachillerato,universidad,publico,0,fuma_poco,<5,social,11.3,50.0,62.0,1209.0
347,17,bachillerato,secundaria,publico,1,fumador_ocasional,15+,deportiva,8.4,73.2,87.6,1300.0
348,18,secundaria,bachillerato,publico,1,no_fuma,<15,social,24.3,92.3,100.0,1300.0
349,21,universidad,universidad,publico,0,fumador_ocasional,<5,cultural,0.0,76.2,73.9,1300.0
350,18,universidad,bachillerato,privado,0,fuma_poco,<10,social,16.4,82.5,95.1,1300.0
351,18,bachillerato,secundaria,privado,0,fumador_ocasional,<10,deportiva,0.0,76.0,75.6,1266.0
352,17,universidad,bachillerato,privado,1,fuma_poco,<15,cultural,22.7,68.3,65.6,1300.0
353,20,universidad,universidad,publico,1,no_fuma,15+,cultural,9.4,52.6,75.2,1300.0
354,18,universidad,secundaria,publico,0,no_fuma,<15,social,24.7,77.1,87.4,1291.0
355,19,universidad,secundaria,publico,0,no_fuma,<10,deportiva,16.9,67.2,70.5,1292.0
356,20,bachillerato,universidad,privado,1,fumador_constante,<5,social,0.0,67.0,72.6,1300.0
357,21,bachillerato,universidad,publico,0,fumador_ocasional,<5,social,26.2,70.0,83.3,1300.0
358,17,bachillerato,primaria,publico,0,fuma_poco,<5,deportiva,27.5,92.4,78.0,1180.0
359,21,universidad,secundaria,publico,0,no_fuma,<5,social,20.8,99.0,83.3,1289.0
360,20,primaria,primaria,privado,0,no_fuma,<15,cultural,4.4,77.2,80.1,1300.0
361,20,universidad,secundaria,publico,1,fumador_ocasional,<15,cultural,8.9,70.4,82.3,1300.0
362,20,universidad,bachillerato,privado,1,no_fuma,<5,deportiva,13.5,63.2,74.1,1291.0
363,21,sin_estudios,universidad,publico,0,no_fuma,15+,cultural,5.0,79.7,80.1,1257.0
364,20,universidad,bachillerato,publico,0,fuma_poco,<5,cultural,28.9,92.8,69.7,1300.0
365,21,primaria,bachillerato,publico,0,no_fuma,<10,cultural,13.4,72.5,89.6,1300.0
366,20,secundaria,secundaria,publico,0,no_fuma,<5,cultural,0.0,51.2,72.3,1211.0
367,19,universidad,universidad,publico,0,no_fuma,<10,cultural,15.4,81.7,88.2,1300.0
368,20,primaria,bachillerato,publico,0,no_fuma,<10,cultural,8.5,84.9,75.9,1300.0
369,21,universidad,posgrado,publico,0,fumador_constante,<10,deportiva,11.3,59.1,79.8,1300.0
370,18,universidad,bachillerato,privado,0,no_fuma,<10,social,8.3,76.8,73.5,1300.0
371,20,bachillerato,primaria,publico,0,no_fuma,15+,cultural,20.1,79.5,68.9,1300.0
372,18,sin_estudios,universidad,privado,0,no_fuma,<5,deportiva,23.2,74.3,62.3,1184.0
373,19,secundaria,secundaria,publico,0,fumador_ocasional,<5,deportiva,14.8,67.1,68.5,1205.0
374,17,bachillerato,universidad,privado,0,no_fuma,<5,cultural,8.6,85.2,75.1,1267.0
375,19,posgrado,primaria,publico,1,fuma_poco,<15,social,11.6,71.0,79.9,1300.0
376,20,bachillerato,secundaria,publico,0,no_fuma,<5,deportiva,12.2,60.1,87.1,1274.0
377,18,secundaria,universidad,publico,0,no_fuma,15+,cultural,4.0,54.5,74.0,1259.0
378,18,bachillerato,secundaria,publico,1,no_fuma,<10,deportiva,17.8,87.6,70.1,1300.0
379,21,bachillerato,universidad,publico,1,fumador_ocasional,<10,cultural,16.6,81.2,65.0,1300.0
380,18,universidad,secundaria,privado,0,fumador_ocasional,<15,social,27.4,75.9,82.3,1216.0
381,21,primaria,bachillerato,privado,1,no_fuma,<5,social,24.6,70.6,90.4,1252.0
382,17,universidad,universidad,privado,0,no_fuma,<5,deportiva,5.1,69.7,89.4,1300.0
383,20,bachillerato,bachillerato,privado,0,fumador_constante,<10,cultural,20.2,64.2,84.4,1267.0
384,21,posgrado,secundaria,publico,0,no_fuma,<15,deportiva,2.5,70.7,83.7,1286.0
385,17,secundaria,secundaria,publico,0,fumador_ocasional,<5,cultural,19.0,53.8,93.3,1300.0
386,18,bachillerato,primaria,publico,0,no_fuma,<5,social,6.8,67.6,81.0,1195.0
387,18,posgrado,secundaria,publico,0,fumador_constante,15+,social,1.8,71.9,83.8,1300.0
388,17,primaria,bachillerato,publico,0,fumador_ocasional,<5,deportiva,14.8,81.1,75.1,1300.0
389,18,posgrado,posgrado,publico,0,fumador_constante,15+,social,0.0,74.6,65.7,1300.0
390,17,bachillerato,universidad,publico,0,fuma_poco,<15,cultural,0.0,82.9,71.8,1300.0
391,21,primaria,universidad,publico,0,no_fuma,<10,deportiva,10.2,88.5,77.9,1300.0
392,21,secundaria,universidad,privado,0,fumador_constante,<5,cultural,12.8,85.6,78.5,1300.0
393,17,universidad,bachillerato,privado,1,no_fuma,<5,cultural,8.3,79.7,95.3,1300.0
394,21,primaria,secundaria,publico,1,no_fuma,<15,cultural,0.0,75.1,78.7,1300.0
395,21,bachillerato,posgrado,privado,1,fuma_poco,<15,cultural,3.8,65.2,88.6,1300.0
396,21,secundaria,universidad,privado,0,fumador_ocasional,<15,cultural,15.9,82.4,74.1,1289.0
397,19,bachillerato,bachillerato,publico,1,fumador_constante,15+,deportiva,17.8,91.8,75.2,1277.0
398,20,sin_estudios,primaria,publico,0,no_fuma,<15,social,11.8,78.4,66.0,1253.0
399,18,universidad,bachillerato,publico,0,fumador_ocasional,<5,cultural,23.6,94.2,71.3,1300.0
400,19,posgrado,bachillerato,privado,0,fuma_poco,<5,deportiva,16.0,59.7,82.7,1300.0
401,21,posgrado,universidad,privado,0,no_fuma,15+,social,4.5,63.5,78.1,1300.0
402,17,universidad,bachillerato,publico,0,no_fuma,<5,social,9.2,83.6,86.5,1300.0
403,21,primaria,secundaria,publico,0,no_fuma,<5,social,0.0,77.6,79.6,1300.0
404,20,universidad,posgrado,publico,1,no_fuma,<15,deportiva,10.9,88.1,74.8,1300.0
405,21,sin_estudios,primaria,publico,0,fumador_constante,<10,deportiva,23.1,74.8,97.3,1300.0
406,17,sin_estudios,bachillerato,publico,0,fuma_poco,15+,cultural,18.9,66.3,77.2,1230.0
407,20,secundaria,primaria,privado,1,fuma_poco,<15,deportiva,26.0,72.9,88.5,1277.0
408,21,bachillerato,universidad,privado,0,fumador_constante,<5,social,9.0,59.7,74.4,1258.0
409,20,universidad,posgrado,privado,0,no_fuma,15+,deportiva,25.5,63.7,84.4,1267.0
410,18,bachillerato,secundaria,privado,0,fumador_ocasional,<10,deportiva,10.1,84.7,86.4,1300.0
411,18,secundaria,universidad,privado,0,no_fuma,<10,cultural,26.7,83.7,79.9,1300.0
412,21,secundaria,secundaria,publico,0,fumador_ocasional,<10,deportiva,11.8,78.6,56.8,1284.0
413,20,posgrado,posgrado,publico,0,no_fuma,<5,social,19.1,57.8,78.2,1272.0
414,17,secundaria,universidad,publico,0,fumador_constante,<10,cultural,26.8,71.4,89.1,1260.0
415,21,bachillerato,universidad,privado,0,no_fuma,<5,deportiva,10.1,62.8,82.7,1300.0
416,18,primaria,sin_estudios,publico,0,no_fuma,<10,deportiva,14.2,86.8,82.0,1300.0
417,18,universidad,posgrado,privado,0,fumador_ocasional,<10,cultural,24.9,69.2,62.5,1253.0
418,21,bachillerato,universidad,publico,0,no_fuma,<15,deportiva,10.7,64.1,71.5,1258.0
419,20,secundaria,secundaria,publico,1,fuma_poco,15+,cultural,0.0,75.3,81.7,1300.0
420,18,primaria,universidad,publico,0,no_fuma,<5,cultural,33.4,68.6,81.7,1220.0
421,20,bachillerato,secundaria,publico,0,fuma_poco,<10,cultural,7.3,89.8,88.9,1220.0
422,18,bachillerato,universidad,privado,0,no_fuma,<10,social,13.6,67.7,76.7,1296.0
423,18,secundaria,primaria,privado,0,no_fuma,<5,social,23.6,61.0,81.7,1169.0
424,19,posgrado,universidad,publico,0,no_fuma,<15,social,5.9,53.5,78.1,1196.0
425,18,primaria,bachillerato,publico,0,no_fuma,<15,deportiva,1.9,74.7,69.1,1300.0
426,17,secundaria,primaria,publico,1,no_fuma,<5,deportiva,14.5,69.4,57.7,1172.0
427,21,posgrado,secundaria,publico,1,no_fuma,<10,deportiva,0.0,60.7,81.9,1297.0
428,21,secundaria,sin_estudios,publico,0,no_fuma,<5,social,9.1,86.9,79.6,1300.0
429,20,bachillerato,bachillerato,privado,1,no_fuma,<15,social,14.5,81.7,72.4,1244.0
430,18,secundaria,secundaria,publico,0,fuma_poco,<5,social,9.3,74.7,63.4,1169.0
431,17,secundaria,bachillerato,publico,0,fumador_ocasional,15+,deportiva,0.0,88.6,83.7,1300.0
432,20,posgrado,secundaria,publico,0,no_fuma,<15,social,27.9,81.6,75.6,1300.0
433,19,secundaria,secundaria,publico,0,fuma_poco,<10,cultural,13.0,66.8,83.0,1193.0
434,20,universidad,universidad,publico,1,fuma_poco,<15,deportiva,26.3,64.6,94.8,1300.0
435,20,secundaria,primaria,publico,0,no_fuma,15+,cultural,9.4,83.2,58.7,1298.0
436,18,secundaria,posgrado,publico,0,fuma_poco,<15,deportiva,3.2,79.0,71.7,1229.0
437,19,sin_estudios,universidad,publico,1,no_fuma,<5,cultural,14.7,76.7,76.1,1300.0
438,20,bachillerato,bachillerato,publico,0,no_fuma,<10,deportiva,9.8,66.5,91.1,1300.0
439,17,secundaria,bachillerato,publico,0,no_fuma,15+,cultural,0.2,81.1,63.3,1291.0
440,17,universidad,posgrado,publico,0,fuma_poco,<15,cultural,26.7,67.4,95.4,1300.0
441,21,bachillerato,secundaria,privado,1,fuma_poco,<15,social,5.8,74.0,79.2,1300.0
442,19,posgrado,primaria,publico,1,no_fuma,15+,cultural,0.0,89.5,77.1,1300.0
443,19,primaria,secundaria,publico,0,no_fuma,15+,cultural,25.3,68.4,76.2,1223.0
444,21,universidad,universidad,publico,0,fumador_constante,15+,social,7.0,59.3,74.1,1254.0
445,20,universidad,primaria,publico,0,no_fuma,<5,social,5.9,64.5,87.4,1272.0
446,19,universidad,bachillerato,publico,1,no_fuma,<10,deportiva,0.0,84.9,68.4,1300.0
447,17,universidad,posgrado,privado,0,fumador_constante,<15,cultural,29.4,77.5,81.1,1300.0
448,17,universidad,universidad,privado,0,fuma_poco,<15,deportiva,0.0,73.7,74.5,1225.0
449,18,bachillerato,bachillerato,publico,1,fuma_poco,<15,deportiva,12.6,69.9,71.1,1300.0
450,19,primaria,primaria,publico,0,fumador_ocasional,<5,cultural,21.1,79.9,100.0,1300.0
451,20,sin_estudios,universidad,publico,0,fumador_ocasional,<15,social,16.2,66.5,81.8,1254.0
452,21,posgrado,bachillerato,privado,0,no_fuma,<15,deportiva,11.4,78.1,83.5,1300.0
453,21,bachillerato,primaria,publico,1,no_fuma,<5,social,0.0,67.7,88.2,1300.0
454,20,universidad,primaria,publico,0,no_fuma,<10,social,3.9,66.0,65.2,1102.0
455,18,bachillerato,posgrado,publico,0,fumador_constante,<5,social,13.9,68.6,93.8,1300.0
456,21,primaria,bachillerato,publico,0,fuma_poco,<10,deportiva,4.1,71.2,55.4,1174.0
457,19,primaria,universidad,publico,0,no_fuma,<5,social,14.0,74.5,71.1,1285.0
458,18,bachillerato,universidad,publico,0,fumador_ocasional,<10,deportiva,18.8,77.4,73.9,1300.0
459,19,secundaria,bachillerato,publico,0,no_fuma,<10,cultural,21.6,50.0,83.2,1254.0
460,17,secundaria,bachillerato,privado,1,no_fuma,<15,deportiva,0.0,66.9,80.0,1291.0
461,18,bachillerato,bachillerato,publico,0,no_fuma,<15,deportiva,34.0,71.1,76.5,1165.0
462,21,primaria,secundaria,publico,0,no_fuma,15+,cultural,19.7,90.1,77.9,1289.0
463,18,bachillerato,bachillerato,privado,0,fumador_ocasional,<5,cultural,12.0,64.2,69.2,1279.0
464,18,secundaria,universidad,publico,0,no_fuma,<5,deportiva,22.9,76.6,64.5,1300.0
465,18,universidad,bachillerato,publico,1,fumador_ocasional,15+,deportiva,35.7,90.0,84.5,1300.0
466,18,secundaria,posgrado,publico,0,fuma_poco,<5,cultural,0.0,61.9,84.2,1300.0
467,19,bachillerato,bachillerato,publico,0,no_fuma,15+,deportiva,9.7,78.9,92.3,1300.0
468,17,sin_estudios,bachillerato,privado,0,fumador_constante,15+,social,0.0,67.0,70.9,1300.0
469,20,primaria,bachillerato,publico,0,no_fuma,<10,deportiva,13.9,70.0,84.2,1255.0
470,18,secundaria,bachillerato,publico,0,no_fuma,15+,deportiva,15.7,67.0,75.4,1285.0
471,21,bachillerato,universidad,publico,0,no_fuma,<5,deportiva,11.6,67.7,88.7,1300.0
472,18,bachillerato,secundaria,publico,1,fumador_ocasional,<10,cultural,5.5,100.0,87.2,1300.0
473,21,secundaria,bachillerato,privado,1,no_fuma,<15,deportiva,0.0,83.4,79.9,1300.0
474,19,bachillerato,primaria,publico,0,no_fuma,<10,deportiva,15.7,86.0,74.9,1300.0
475,21,universidad,secundaria,publico,1,no_fuma,15+,social,26.6,79.9,86.6,1300.0
476,20,universidad,bachillerato,privado,0,no_fuma,<5,cultural,6.1,58.9,83.8,1237.0
477,17,sin_estudios,bachillerato,publico,0,fumador_ocasional,<10,deportiva,16.4,78.9,71.8,1300.0
478,21,bachillerato,posgrado,privado,0,no_fuma,<15,cultural,0.0,85.7,66.0,1300.0
479,21,primaria,bachillerato,privado,0,no_fuma,<15,social,16.6,66.5,75.4,1240.0
480,17,secundaria,universidad,privado,0,no_fuma,<10,deportiva,8.1,84.7,91.6,1300.0
481,20,posgrado,bachillerato,publico,0,no_fuma,<10,deportiva,4.4,82.0,88.3,1300.0
482,18,primaria,bachillerato,publico,0,fumador_constante,15+,social,4.4,93.5,68.0,1300.0
483,21,bachillerato,primaria,privado,0,no_fuma,<5,cultural,8.1,70.8,67.5,1176.0
484,17,bachillerato,secundaria,publico,0,fumador_constante,15+,cultural,15.8,64.0,89.5,1300.0
485,19,universidad,secundaria,publico,1,no_fuma,<15,deportiva,0.0,71.4,67.8,1300.0
486,17,bachillerato,bachillerato,privado,0,no_fuma,<15,deportiva,8.0,89.4,82.6,1300.0
487,19,sin_estudios,primaria,privado,0,fumador_ocasional,<15,cultural,11.6,56.7,72.5,1201.0
488,20,secundaria,primaria,publico,0,no_fuma,<5,deportiva,1.0,54.3,92.6,1175.0
489,18,bachillerato,secundaria,publico,0,fuma_poco,<15,cultural,30.0,75.9,71.1,1277.0
490,17,primaria,posgrado,publico,1,fumador_constante,15+,cultural,3.5,70.6,88.3,1300.0
491,21,secundaria,secundaria,privado,0,no_fuma,<10,deportiva,5.3,75.1,79.7,1298.0
492,20,sin_estudios,bachillerato,privado,0,no_fuma,15+,social,2.2,84.5,80.3,1300.0
493,17,primaria,secundaria,publico,1,fuma_poco,<10,social,30.0,69.5,60.3,1196.0
494,21,secundaria,bachillerato,publico,0,no_fuma,<5,cultural,17.5,56.3,58.2,1214.0
495,17,primaria,secundaria,privado,0,no_fuma,<10,deportiva,2.6,95.4,76.0,1300.0
496,19,bachillerato,secundaria,publico,0,no_fuma,15+,deportiva,23.1,65.0,80.2,1283.0
497,17,bachillerato,bachillerato,publico,1,no_fuma,<10,cultural,14.0,64.4,67.9,1276.0
498,17,universidad,sin_estudios,privado,0,fumador_ocasional,15+,deportiva,14.6,86.0,68.2,1300.0
499,17,secundaria,sin_estudios,publico,0,no_fuma,15+,social,8.6,71.2,83.1,1300.0
500,20,primaria,secundaria,publico,0,no_fuma,<10,deportiva,4.5,74.4,83.1,1300.0
501,17,primaria,primaria,publico,0,fuma_poco,<5,cultural,15.4,79.8,76.8,1300.0
502,21,bachillerato,primaria,publico,0,no_fuma,<15,deportiva,6.5,85.8,85.0,1300.0
503,19,universidad,secundaria,privado,0,no_fuma,<10,cultural,30.2,71.7,67.4,1300.0
504,19,sin_estudios,universidad,publico,0,fumador_ocasional,<15,deportiva,0.0,90.2,74.8,1300.0
505,17,posgrado,bachillerato,privado,1,no_fuma,<10,cultural,27.4,53.6,92.8,1192.0
506,20,primaria,bachillerato,publico,1,fumador_ocasional,<10,deportiva,10.9,82.6,78.6,1300.0
507,20,bachillerato,secundaria,publico,0,fumador_ocasional,<15,social,15.0,66.6,79.1,1280.0
508,21,universidad,posgrado,publico,1,no_fuma,<10,deportiva,20.3,88.7,98.8,1300.0
509,17,universidad,secundaria,publico,0,no_fuma,<10,social,5.7,76.4,65.4,1289.0
510,19,universidad,primaria,publico,0,no_fuma,<10,social,20.6,68.3,85.2,1245.0
511,20,universidad,bachillerato,publico,0,no_fuma,<10,deportiva,0.0,81.6,93.0,1300.0
512,17,secundaria,primaria,publico,1,fumador_ocasional,<10,social,4.8,83.9,75.1,1289.0
513,20,universidad,secundaria,publico,1,fumador_ocasional,15+,deportiva,2.8,81.4,85.7,1300.0
514,20,primaria,bachillerato,privado,0,no_fuma,<10,social,0.0,64.7,69.2,1242.0
515,19,universidad,universidad,privado,1,fuma_poco,<10,cultural,9.9,70.2,71.8,1297.0
516,18,bachillerato,bachillerato,privado,0,fumador_constante,<15,deportiva,15.9,75.0,81.5,1279.0
517,21,universidad,universidad,publico,1,fumador_constante,<10,deportiva,19.0,74.6,85.2,1300.0
518,21,bachillerato,posgrado,publico,1,no_fuma,<10,deportiva,14.4,82.5,88.1,1300.0
519,19,bachillerato,primaria,privado,0,no_fuma,15+,social,5.3,54.9,92.1,1292.0
520,20,bachillerato,secundaria,publico,1,no_fuma,<15,deportiva,15.7,78.3,77.4,1263.0
521,17,universidad,secundaria,publico,0,fumador_constante,<15,cultural,13.2,72.1,88.7,1252.0
522,20,primaria,bachillerato,privado,0,no_fuma,<15,cultural,21.4,66.6,74.9,1276.0
523,19,primaria,bachillerato,privado,0,fuma_poco,<5,social,19.8,67.6,86.1,1300.0
524,21,secundaria,posgrado,publico,0,no_fuma,<15,deportiva,12.3,72.9,79.9,1263.0
525,20,primaria,universidad,publico,1,no_fuma,<10,cultural,3.0,50.0,82.0,1300.0
526,21,universidad,bachillerato,privado,0,no_fuma,<10,cultural,5.5,68.0,81.8,1300.0
527,17,secundaria,secundaria,publico,0,fumador_constante,<10,cultural,6.5,66.2,63.6,1256.0
528,21,posgrado,universidad,privado,1,no_fuma,<5,deportiva,8.8,80.3,67.9,1300.0
529,21,secundaria,posgrado,privado,1,fuma_poco,<5,deportiva,14.7,66.9,78.9,1238.0
530,18,primaria,universidad,privado,0,no_fuma,15+,deportiva,19.2,72.8,62.8,1300.0
531,18,universidad,sin_estudios,publico,1,no_fuma,<10,cultural,11.5,90.4,85.5,1300.0
532,18,bachillerato,bachillerato,publico,0,no_fuma,<10,deportiva,12.2,84.9,85.8,1300.0
533,21,bachillerato,primaria,privado,1,no_fuma,<5,cultural,13.4,84.0,80.9,1300.0
534,19,bachillerato,secundaria,publico,0,no_fuma,<5,deportiva,6.8,70.0,67.9,1165.0
535,21,universidad,primaria,privado,0,no_fuma,<15,social,2.7,80.4,90.4,1259.0
536,19,secundaria,bachillerato,publico,0,no_fuma,<10,social,0.0,72.7,96.3,1300.0
537,19,posgrado,universidad,publico,0,no_fuma,<10,cultural,5.0,73.0,79.3,1300.0
538,18,posgrado,primaria,privado,0,fumador_constante,<5,deportiva,16.7,79.1,82.6,1300.0
539,20,bachillerato,secundaria,privado,0,fumador_constante,<15,deportiva,5.0,69.0,79.8,1299.0
540,17,primaria,bachillerato,privado,0,no_fuma,<5,deportiva,9.6,89.9,82.8,1300.0
541,18,bachillerato,secundaria,privado,1,fuma_poco,<5,deportiva,16.7,73.4,76.9,1283.0
542,18,primaria,primaria,publico,0,fumador_constante,<10,cultural,17.2,81.2,77.7,1276.0
543,20,sin_estudios,bachillerato,privado,0,no_fuma,<10,cultural,1.2,89.6,86.2,1300.0
544,17,secundaria,universidad,privado,0,fumador_ocasional,<5,social,22.0,85.3,99.1,1300.0
545,21,bachillerato,primaria,publico,0,fumador_constante,<15,deportiva,23.3,60.9,65.4,1258.0
546,21,universidad,primaria,publico,1,no_fuma,<15,cultural,0.7,79.4,77.1,1300.0
547,18,universidad,secundaria,publico,1,no_fuma,15+,cultural,3.8,83.5,67.4,1265.0
548,17,universidad,posgrado,publico,0,fumador_constante,<10,cultural,23.9,83.9,92.3,1300.0
549,18,secundaria,bachillerato,privado,0,no_fuma,<5,deportiva,10.5,63.9,72.7,1273.0
550,19,secundaria,universidad,publico,1,no_fuma,<10,cultural,0.0,68.4,65.0,1300.0
551,18,secundaria,secundaria,publico,0,no_fuma,15+,cultural,0.0,84.9,83.7,1300.0
552,18,posgrado,bachillerato,publico,1,no_fuma,<15,cultural,9.5,67.4,93.7,1300.0
553,21,sin_estudios,sin_estudios,publico,0,fuma_poco,<15,social,0.4,72.0,84.0,1227.0
554,21,universidad,bachillerato,publico,1,fuma_poco,<5,deportiva,7.9,90.8,79.8,1300.0
555,21,bachillerato,posgrado,publico,0,fumador_constante,<10,deportiva,12.3,74.5,81.7,1300.0
556,19,secundaria,bachillerato,privado,0,no_fuma,<5,cultural,26.6,67.7,90.7,1202.0
557,21,universidad,universidad,publico,1,no_fuma,<15,cultural,9.1,66.2,70.1,1250.0
558,17,bachillerato,universidad,publico,0,no_fuma,15+,deportiva,22.7,78.3,77.0,1262.0
559,20,universidad,primaria,publico,0,no_fuma,15+,social,26.3,61.7,73.9,1263.0
560,17,posgrado,posgrado,privado,0,no_fuma,<10,social,26.3,72.5,67.5,1213.0
561,17,secundaria,primaria,publico,0,fumador_constante,<10,social,14.8,78.3,75.0,1263.0
562,21,secundaria,bachillerato,privado,0,fumador_ocasional,15+,deportiva,0.0,88.0,88.0,1300.0
563,20,bachillerato,primaria,privado,0,no_fuma,<15,social,16.6,81.7,83.1,1291.0
564,20,posgrado,sin_estudios,privado,0,fuma_poco,<5,cultural,22.5,67.9,83.8,1273.0
565,20,secundaria,bachillerato,publico,0,no_fuma,<10,cultural,11.2,86.8,79.3,1269.0
566,19,bachillerato,secundaria,privado,1,no_fuma,<5,cultural,29.4,72.0,82.7,1300.0
567,21,bachillerato,bachillerato,publico,0,fuma_poco,<10,social,20.6,62.6,70.8,1206.0
568,20,universidad,bachillerato,privado,0,no_fuma,<10,cultural,17.7,73.3,75.2,1270.0
569,19,primaria,primaria,publico,0,fumador_constante,<15,deportiva,22.9,89.4,79.7,1300.0
570,18,universidad,primaria,publico,0,fuma_poco,<10,cultural,15.3,76.7,80.5,1299.0
571,18,posgrado,bachillerato,publico,0,no_fuma,<5,cultural,0.0,75.1,80.9,1300.0
572,19,primaria,secundaria,publico,0,fumador_ocasional,<10,deportiva,7.0,91.4,76.8,1294.0
573,19,secundaria,universidad,privado,0,no_fuma,15+,social,24.0,60.7,74.6,1231.0
574,21,posgrado,bachillerato,publico,0,no_fuma,<15,cultural,3.9,62.1,100.0,1300.0
575,21,primaria,universidad,publico,0,no_fuma,<10,cultural,9.8,58.8,86.2,1201.0
576,18,universidad,universidad,publico,0,no_fuma,15+,deportiva,1.6,78.7,81.7,1300.0
577,20,bachillerato,bachillerato,privado,0,fumador_ocasional,15+,cultural,29.8,76.7,75.9,1300.0
578,18,secundaria,universidad,privado,0,no_fuma,<5,deportiva,28.8,90.4,73.9,1238.0
579,20,universidad,secundaria,privado,0,fumador_ocasional,<5,deportiva,3.2,77.4,76.8,1300.0
580,20,secundaria,secundaria,privado,0,fuma_poco,<15,cultural,13.5,71.0,80.6,1300.0
581,21,bachillerato,universidad,publico,1,no_fuma,15+,cultural,5.2,75.0,61.1,1254.0
582,17,secundaria,bachillerato,publico,0,fumador_ocasional,15+,cultural,18.1,76.2,63.9,1300.0
583,17,bachillerato,universidad,privado,0,no_fuma,15+,deportiva,17.1,58.3,72.3,1256.0
584,19,primaria,universidad,publico,0,no_fuma,<15,cultural,20.1,100.0,79.9,1300.0
585,21,secundaria,universidad,publico,0,no_fuma,<10,deportiva,15.3,80.2,75.8,1280.0
586,20,posgrado,posgrado,publico,0,no_fuma,<5,social,40.0,77.1,91.3,1300.0
587,17,secundaria,bachillerato,publico,0,no_fuma,<5,cultural,1.7,81.2,64.7,1300.0
588,20,bachillerato,secundaria,publico,1,fuma_poco,<10,cultural,0.0,82.1,71.2,1291.0
589,17,secundaria,bachillerato,privado,0,no_fuma,<15,deportiva,8.1,73.6,91.7,1268.0
590,17,universidad,secundaria,publico,1,no_fuma,<15,deportiva,0.0,68.7,79.2,1252.0
591,17,primaria,bachillerato,publico,0,fumador_constante,<15,social,0.0,81.0,86.0,1300.0
592,21,posgrado,universidad,publico,0,fuma_poco,<10,deportiva,2.0,78.9,96.5,1300.0
593,18,bachillerato,universidad,privado,0,fumador_ocasional,<15,cultural,2.8,66.9,71.8,1300.0
594,20,secundaria,secundaria,publico,0,no_fuma,<5,cultural,2.5,89.2,77.1,1300.0
595,21,primaria,secundaria,privado,0,fuma_poco,<10,deportiva,17.2,77.9,75.5,1215.0
596,21,primaria,bachillerato,privado,0,fumador_ocasional,<15,social,6.9,82.3,60.4,1247.0
597,21,bachillerato,primaria,publico,0,fuma_poco,<15,cultural,10.2,88.9,75.2,1300.0
598,21,secundaria,posgrado,privado,1,fuma_poco,15+,deportiva,20.9,75.2,85.9,1300.0
599,21,universidad,secundaria,privado,1,no_fuma,<10,deportiva,4.3,78.2,82.9,1300.0
600,19,secundaria,secundaria,privado,0,no_fuma,<10,deportiva,9.4,83.1,83.6,1263.0
601,20,secundaria,sin_estudios,privado,0,no_fuma,<10,social,15.7,67.8,74.6,1238.0
602,21,bachillerato,bachillerato,publico,0,no_fuma,<10,cultural,0.0,75.5,72.1,1281.0
603,20,universidad,bachillerato,publico,0,fumador_ocasional,15+,deportiva,0.0,76.3,89.4,1300.0
604,19,primaria,secundaria,publico,0,no_fuma,<15,deportiva,15.5,65.4,73.5,1279.0
605,19,primaria,primaria,publico,0,fumador_constante,15+,cultural,16.9,98.2,80.6,1300.0
606,20,sin_estudios,bachillerato,privado,0,fumador_constante,<5,cultural,32.6,60.9,79.5,1218.0
607,17,universidad,secundaria,publico,0,no_fuma,15+,cultural,13.6,62.0,91.2,1273.0
608,18,bachillerato,universidad,privado,1,no_fuma,<5,deportiva,20.2,88.1,86.7,1290.0
609,17,bachillerato,bachillerato,privado,0,fumador_ocasional,15+,deportiva,10.0,82.1,66.3,1281.0
610,17,universidad,secundaria,privado,1,fumador_constante,<10,cultural,15.0,64.7,67.3,1291.0
611,17,universidad,secundaria,privado,0,no_fuma,<10,social,28.7,81.1,83.2,1300.0
612,21,bachillerato,posgrado,publico,0,no_fuma,<10,deportiva,0.0,89.7,77.4,1300.0
613,19,universidad,bachillerato,publico,0,no_fuma,15+,cultural,16.1,74.7,73.9,1289.0
614,17,secundaria,universidad,publico,0,fuma_poco,<5,cultural,33.4,100.0,87.1,1300.0
615,19,primaria,primaria,publico,0,no_fuma,<10,cultural,14.8,57.8,79.7,1220.0
616,20,secundaria,bachillerato,publico,0,fuma_poco,15+,deportiva,28.5,81.9,78.5,1300.0
617,18,primaria,sin_estudios,publico,0,no_fuma,<10,social,5.7,86.7,85.0,1207.0
618,20,bachillerato,bachillerato,privado,0,no_fuma,<5,cultural,11.7,83.9,74.6,1111.0
619,20,posgrado,posgrado,publico,0,no_fuma,<10,cultural,12.3,73.0,92.1,1300.0
620,21,sin_estudios,secundaria,publico,0,no_fuma,<10,deportiva,0.0,72.1,70.9,1191.0
621,18,primaria,primaria,privado,0,no_fuma,15+,deportiva,0.3,79.4,83.9,1300.0
622,20,bachillerato,primaria,publico,0,no_fuma,<15,deportiva,1.0,83.2,90.9,1300.0
623,20,posgrado,secundaria,publico,0,no_fuma,<10,cultural,20.2,81.0,65.6,1300.0
624,18,secundaria,secundaria,privado,0,no_fuma,15+,deportiva,20.7,85.4,74.9,1300.0
625,18,bachillerato,sin_estudios,publico,1,no_fuma,<10,cultural,15.2,64.8,88.3,1283.0
626,20,sin_estudios,universidad,privado,0,fumador_constante,<5,deportiva,20.2,72.7,88.4,1300.0
627,18,primaria,bachillerato,publico,1,no_fuma,<10,cultural,10.4,65.6,76.5,1293.0
628,20,posgrado,secundaria,privado,0,no_fuma,<10,cultural,24.0,71.1,71.4,1239.0
629,20,posgrado,posgrado,publico,0,fuma_poco,<5,deportiva,12.1,85.2,86.6,1300.0
630,21,sin_estudios,primaria,publico,0,fumador_constante,15+,deportiva,12.6,76.1,88.7,1258.0
631,17,posgrado,posgrado,publico,0,no_fuma,<15,deportiva,9.3,100.0,67.5,1300.0
632,20,bachillerato,secundaria,privado,0,fuma_poco,<10,cultural,18.8,76.9,67.2,1187.0
633,19,universidad,universidad,publico,1,fuma_poco,<15,cultural,7.8,75.6,80.0,1300.0
634,17,bachillerato,bachillerato,publico,0,fuma_poco,<15,deportiva,21.8,76.1,83.7,1300.0
635,17,bachillerato,universidad,privado,0,no_fuma,15+,cultural,0.7,68.6,75.3,1300.0
636,17,bachillerato,posgrado,privado,0,fuma_poco,15+,deportiva,1.0,74.4,84.1,1289.0
637,21,bachillerato,secundaria,publico,1,no_fuma,<10,deportiva,18.9,86.3,71.6,1283.0
638,20,primaria,posgrado,privado,0,fuma_poco,<15,deportiva,11.1,76.1,59.0,1300.0
639,21,sin_estudios,secundaria,publico,0,fuma_poco,<15,social,7.5,67.1,74.2,1262.0
640,20,secundaria,secundaria,publico,0,no_fuma,<15,deportiva,20.9,65.7,78.6,1260.0
641,21,universidad,secundaria,publico,1,fumador_ocasional,<5,deportiva,5.9,70.5,75.5,1268.0
642,21,secundaria,bachillerato,privado,1,no_fuma,<5,deportiva,10.0,75.7,67.6,1259.0
643,19,bachillerato,secundaria,privado,0,fumador_ocasional,<10,deportiva,26.0,86.9,61.7,1300.0
644,21,posgrado,bachillerato,publico,1,no_fuma,<10,cultural,27.4,61.6,73.4,1262.0
645,18,primaria,bachillerato,publico,1,no_fuma,<5,deportiva,27.7,71.8,86.1,1300.0
646,19,bachillerato,universidad,publico,0,no_fuma,<15,deportiva,9.2,76.4,89.3,1300.0
647,21,secundaria,universidad,privado,0,fumador_constante,<5,cultural,24.3,56.7,88.7,1211.0
648,17,universidad,bachillerato,privado,0,no_fuma,<15,deportiva,2.5,66.7,70.7,1300.0
649,18,primaria,secundaria,publico,1,no_fuma,<10,cultural,2.9,68.2,67.6,1290.0
650,18,bachillerato,secundaria,privado,0,no_fuma,15+,cultural,0.0,67.0,82.5,1300.0
651,18,universidad,secundaria,privado,1,fuma_poco,<10,deportiva,28.7,76.9,83.7,1261.0
652,19,posgrado,primaria,publico,0,no_fuma,<5,cultural,3.4,73.4,81.6,1300.0
653,21,bachillerato,secundaria,publico,1,no_fuma,<15,deportiva,10.7,69.4,59.9,1199.0
654,21,bachillerato,secundaria,publico,0,no_fuma,15+,cultural,2.9,79.3,70.2,1300.0
655,17,bachillerato,posgrado,privado,0,no_fuma,15+,cultural,19.0,92.2,77.7,1300.0
656,17,universidad,bachillerato,privado,1,no_fuma,<10,deportiva,8.2,91.4,82.4,1277.0
657,18,bachillerato,secundaria,publico,1,no_fuma,<10,cultural,0.0,55.8,84.9,1278.0
658,17,sin_estudios,bachillerato,privado,1,fuma_poco,15+,social,16.4,80.8,79.3,1286.0
659,19,posgrado,primaria,publico,0,no_fuma,<5,social,0.0,73.2,81.0,1265.0
660,21,bachillerato,bachillerato,publico,0,no_fuma,<15,cultural,3.6,76.6,78.8,1300.0
661,18,bachillerato,bachillerato,privado,0,no_fuma,<10,cultural,0.0,71.0,84.2,1300.0
662,17,secundaria,bachillerato,privado,0,fumador_constante,<5,deportiva,0.0,76.2,80.8,1300.0
663,19,bachillerato,bachillerato,publico,0,fumador_constante,<10,deportiva,13.8,76.5,78.6,1300.0
664,19,secundaria,posgrado,publico,0,fumador_ocasional,<10,cultural,0.0,69.2,75.6,1300.0
665,17,bachillerato,universidad,publico,0,no_fuma,<15,deportiva,0.0,66.0,78.7,1300.0
666,21,primaria,bachillerato,publico,1,no_fuma,15+,social,12.0,70.5,82.4,1250.0
667,17,bachillerato,bachillerato,publico,0,no_fuma,<10,deportiva,6.6,77.3,80.4,1300.0
668,18,posgrado,bachillerato,publico,0,no_fuma,15+,deportiva,31.9,81.0,81.4,1300.0
669,17,sin_estudios,secundaria,privado,0,no_fuma,<5,deportiva,30.3,83.5,90.1,1298.0
670,19,posgrado,secundaria,publico,0,fumador_ocasional,<10,social,3.3,70.1,80.4,1273.0
671,17,secundaria,primaria,privado,0,fumador_ocasional,<5,cultural,17.6,77.8,72.2,1240.0
672,21,universidad,bachillerato,privado,1,fumador_ocasional,15+,cultural,19.5,84.6,86.0,1300.0
673,20,universidad,bachillerato,publico,1,no_fuma,<15,deportiva,6.0,86.7,65.7,1267.0
674,17,bachillerato,secundaria,publico,1,fuma_poco,<15,social,0.0,74.4,68.3,1220.0
675,21,universidad,posgrado,privado,1,no_fuma,15+,deportiva,11.9,72.8,81.0,1300.0
676,21,universidad,posgrado,publico,0,no_fuma,<15,social,10.3,76.9,82.6,1300.0
677,19,secundaria,universidad,privado,0,fuma_poco,15+,cultural,7.6,63.5,66.8,1241.0
678,21,secundaria,bachillerato,privado,0,no_fuma,<15,deportiva,16.4,73.1,74.6,1227.0
679,21,bachillerato,universidad,privado,0,no_fuma,15+,cultural,4.5,82.4,72.5,1300.0
680,21,universidad,primaria,privado,0,no_fuma,<10,cultural,0.5,81.4,73.6,1286.0
681,21,universidad,universidad,publico,0,fuma_poco,<5,deportiva,13.1,72.3,86.5,1300.0
682,18,universidad,primaria,publico,0,fumador_ocasional,<10,social,15.9,77.2,84.4,1300.0
683,18,secundaria,universidad,publico,0,no_fuma,<5,cultural,0.2,66.8,77.8,1300.0
684,19,universidad,secundaria,publico,0,fumador_ocasional,<15,deportiva,21.3,82.0,73.1,1300.0
685,17,primaria,universidad,publico,0,no_fuma,<10,deportiva,0.0,74.2,65.9,1300.0
686,21,bachillerato,posgrado,publico,0,no_fuma,<15,cultural,6.2,72.2,90.8,1299.0
687,17,sin_estudios,primaria,privado,0,fuma_poco,<5,cultural,9.4,71.4,83.3,1197.0
688,17,secundaria,bachillerato,publico,0,fuma_poco,<5,cultural,5.6,74.4,71.6,1228.0
689,19,secundaria,posgrado,publico,1,fumador_constante,<10,cultural,6.3,70.5,84.5,1300.0
690,21,secundaria,bachillerato,publico,0,no_fuma,15+,cultural,30.7,81.6,77.4,1263.0
691,21,bachillerato,universidad,publico,0,fuma_poco,<10,social,3.5,71.0,75.4,1240.0
692,20,secundaria,bachillerato,publico,1,fuma_poco,<10,cultural,36.4,90.9,81.9,1300.0
693,17,secundaria,secundaria,publico,0,fumador_constante,<15,social,16.4,89.7,71.3,1300.0
694,17,secundaria,secundaria,publico,0,no_fuma,<15,deportiva,12.9,66.1,74.9,1270.0
695,18,secundaria,secundaria,publico,0,fumador_ocasional,<10,deportiva,16.8,75.7,79.1,1300.0
696,20,secundaria,universidad,privado,0,fuma_poco,<10,deportiva,37.3,68.5,73.5,1202.0
697,18,primaria,secundaria,privado,1,no_fuma,<5,cultural,2.1,71.7,84.0,1300.0
698,18,bachillerato,bachillerato,privado,1,no_fuma,15+,social,0.8,95.0,94.8,1300.0
699,18,bachillerato,bachillerato,publico,0,no_fuma,<5,deportiva,4.5,71.9,71.2,1277.0
700,19,bachillerato,bachillerato,privado,0,fuma_poco,<10,deportiva,12.3,78.6,63.0,1300.0
701,19,bachillerato,universidad,privado,0,fumador_ocasional,<5,social,0.0,80.4,60.0,1270.0
702,18,secundaria,posgrado,publico,0,fuma_poco,<5,deportiva,12.2,65.0,76.6,1255.0
703,20,universidad,bachillerato,privado,0,fuma_poco,<15,cultural,28.9,66.4,72.0,1285.0
704,17,bachillerato,universidad,publico,0,no_fuma,<5,cultural,13.5,62.9,79.9,1230.0
705,20,bachillerato,universidad,privado,0,no_fuma,<5,social,9.1,66.1,79.2,1260.0
706,21,sin_estudios,bachillerato,privado,0,no_fuma,<10,deportiva,5.8,50.0,63.6,1221.0
707,19,secundaria,posgrado,publico,0,no_fuma,<5,deportiva,21.0,80.4,61.7,1300.0
708,17,secundaria,secundaria,privado,0,no_fuma,<5,cultural,3.7,95.5,80.7,1300.0
709,17,secundaria,primaria,publico,0,no_fuma,15+,social,30.5,76.5,79.2,1279.0
710,21,bachillerato,universidad,privado,1,no_fuma,<15,cultural,31.3,60.8,74.2,1284.0
711,21,bachillerato,bachillerato,publico,0,no_fuma,15+,deportiva,14.6,68.6,63.1,1211.0
712,18,bachillerato,universidad,privado,0,no_fuma,15+,cultural,11.9,70.4,82.2,1300.0
713,19,universidad,posgrado,publico,1,no_fuma,<15,social,22.3,64.8,89.4,1300.0
714,19,universidad,primaria,publico,0,no_fuma,<5,social,22.9,83.6,80.5,1299.0
715,20,universidad,universidad,publico,0,fumador_constante,<15,social,3.9,83.1,70.4,1300.0
716,18,posgrado,bachillerato,privado,0,fumador_ocasional,15+,deportiva,6.7,63.4,78.4,1300.0
717,18,sin_estudios,bachillerato,privado,0,fuma_poco,<15,deportiva,0.0,82.3,65.7,1281.0
718,18,primaria,bachillerato,privado,0,no_fuma,<10,cultural,16.1,90.3,87.5,1300.0
719,18,sin_estudios,posgrado,privado,0,fumador_ocasional,<5,social,18.7,94.0,78.7,1270.0
720,19,bachillerato,sin_estudios,publico,0,fumador_ocasional,15+,deportiva,0.0,100.0,62.1,1300.0
721,19,universidad,bachillerato,publico,1,fumador_ocasional,<15,deportiva,7.4,66.0,75.3,1300.0
722,18,secundaria,universidad,publico,0,no_fuma,15+,social,0.0,100.0,82.2,1300.0
723,20,posgrado,universidad,publico,0,fuma_poco,<5,deportiva,3.0,71.5,75.0,1300.0
724,17,primaria,universidad,publico,1,fumador_ocasional,<5,deportiva,17.5,69.1,75.5,1300.0
725,17,posgrado,primaria,publico,0,fuma_poco,<5,cultural,4.7,78.3,67.0,1222.0
726,20,secundaria,secundaria,publico,1,fuma_poco,<15,cultural,9.0,69.2,83.1,1251.0
727,18,primaria,secundaria,publico,0,no_fuma,<5,cultural,0.0,79.0,72.2,1300.0
728,19,bachillerato,universidad,publico,1,no_fuma,<5,deportiva,13.9,61.8,58.6,1250.0
729,17,secundaria,secundaria,publico,0,no_fuma,15+,cultural,11.6,72.6,74.7,1269.0
730,21,secundaria,secundaria,privado,1,fuma_poco,<5,cultural,4.7,87.9,86.8,1297.0
731,21,secundaria,posgrado,privado,1,no_fuma,15+,cultural,10.1,74.4,74.5,1300.0
732,20,universidad,sin_estudios,privado,0,no_fuma,<10,cultural,13.8,76.4,93.6,1300.0
733,18,bachillerato,posgrado,publico,0,no_fuma,15+,deportiva,3.9,79.8,81.9,1300.0
734,17,secundaria,universidad,publico,0,no_fuma,<15,deportiva,0.0,86.7,81.0,1300.0
735,18,bachillerato,universidad,privado,0,no_fuma,15+,deportiva,30.1,58.4,76.8,1237.0
736,17,universidad,secundaria,publico,0,fuma_poco,15+,deportiva,5.7,80.8,77.4,1300.0
737,20,secundaria,sin_estudios,publico,0,fumador_ocasional,<5,cultural,11.0,72.3,75.6,1200.0
738,20,secundaria,universidad,publico,0,no_fuma,<5,social,22.1,76.7,75.3,1300.0
739,21,primaria,universidad,publico,0,no_fuma,<10,cultural,40.0,85.6,82.8,1300.0
740,18,primaria,universidad,publico,0,no_fuma,<15,social,0.0,63.1,69.6,1242.0
741,21,bachillerato,primaria,publico,0,fumador_ocasional,15+,deportiva,16.5,64.9,68.3,1244.0
742,18,primaria,universidad,privado,0,no_fuma,<10,cultural,4.9,55.6,67.9,1226.0
743,21,bachillerato,universidad,publico,0,no_fuma,<15,deportiva,6.6,69.5,96.4,1300.0
744,19,universidad,bachillerato,publico,0,no_fuma,<5,deportiva,4.8,88.3,82.8,1300.0
745,19,primaria,universidad,privado,0,fuma_poco,15+,deportiva,0.7,73.8,80.7,1300.0
746,19,bachillerato,universidad,publico,0,fumador_ocasional,15+,cultural,11.6,61.6,68.5,1300.0
747,19,secundaria,bachillerato,publico,0,fumador_ocasional,<10,social,0.0,70.1,83.6,1300.0
748,17,posgrado,primaria,privado,0,fuma_poco,<10,deportiva,21.5,60.1,77.0,1294.0
749,19,bachillerato,bachillerato,publico,1,no_fuma,<5,deportiva,12.6,63.7,79.9,1300.0
750,20,universidad,primaria,publico,0,no_fuma,<15,social,16.2,78.9,69.2,1212.0
751,20,bachillerato,bachillerato,publico,0,no_fuma,<10,deportiva,7.3,63.3,79.4,1278.0
752,17,sin_estudios,bachillerato,publico,0,no_fuma,<5,social,8.3,86.1,74.2,1300.0
753,19,bachillerato,primaria,publico,1,no_fuma,<10,cultural,14.9,74.3,71.1,1212.0
754,19,posgrado,secundaria,privado,1,no_fuma,<10,social,0.4,75.9,84.6,1300.0
755,19,bachillerato,primaria,publico,0,no_fuma,<10,cultural,8.4,72.2,64.2,1300.0
756,21,universidad,universidad,publico,0,fumador_constante,<15,cultural,3.4,82.7,83.1,1300.0
757,18,universidad,posgrado,publico,1,fuma_poco,<5,cultural,3.1,82.8,84.2,1300.0
758,21,secundaria,primaria,publico,0,fumador_ocasional,<15,cultural,0.0,78.4,70.1,1300.0
759,18,secundaria,posgrado,publico,0,fuma_poco,<15,cultural,25.4,80.6,70.6,1300.0
760,19,bachillerato,bachillerato,publico,0,no_fuma,<10,deportiva,5.1,72.9,76.0,1265.0
761,19,secundaria,secundaria,publico,0,fuma_poco,<5,cultural,23.6,80.4,80.5,1300.0
762,21,universidad,primaria,publico,1,no_fuma,<15,cultural,22.7,71.6,76.6,1300.0
763,21,posgrado,bachillerato,publico,1,fuma_poco,15+,social,0.0,75.0,81.9,1300.0
764,18,secundaria,universidad,publico,1,no_fuma,<5,cultural,1.1,72.3,93.9,1300.0
765,20,secundaria,universidad,privado,0,fumador_constante,<10,cultural,37.6,70.4,73.4,1233.0
766,18,universidad,primaria,publico,1,no_fuma,<5,deportiva,29.5,68.1,62.6,1217.0
767,21,secundaria,primaria,publico,0,no_fuma,<15,cultural,11.7,79.7,85.4,1300.0
768,21,universidad,bachillerato,publico,0,fumador_constante,<5,cultural,14.6,88.1,93.1,1300.0
769,17,secundaria,secundaria,privado,1,no_fuma,<10,social,5.7,86.7,81.5,1300.0
770,21,bachillerato,secundaria,publico,0,fuma_poco,<15,social,16.3,62.4,68.2,1146.0
771,17,primaria,secundaria,privado,0,fuma_poco,<15,deportiva,4.8,87.9,76.9,1300.0
772,20,bachillerato,universidad,privado,0,fumador_ocasional,<10,social,0.0,71.8,67.9,1300.0
773,18,bachillerato,posgrado,privado,1,fumador_constante,<10,deportiva,0.0,81.0,83.8,1300.0
774,18,bachillerato,bachillerato,publico,0,fumador_constante,<15,deportiva,12.2,65.9,65.8,1235.0
775,17,primaria,posgrado,publico,0,no_fuma,<5,cultural,0.7,76.4,75.3,1299.0
776,18,universidad,secundaria,privado,0,fumador_ocasional,<5,deportiva,11.3,78.1,69.0,1300.0
777,21,universidad,bachillerato,privado,1,fuma_poco,15+,cultural,1.3,60.2,79.1,1300.0
778,19,secundaria,secundaria,privado,1,fuma_poco,<5,deportiva,4.2,81.1,74.7,1285.0
779,17,primaria,bachillerato,publico,0,no_fuma,<15,deportiva,20.5,88.5,79.6,1270.0
780,18,sin_estudios,posgrado,publico,0,fuma_poco,15+,cultural,14.5,73.3,78.2,1300.0
781,17,bachillerato,bachillerato,publico,0,fumador_constante,<10,cultural,11.9,88.6,69.1,1297.0
782,17,bachillerato,secundaria,privado,1,fumador_constante,<10,social,20.8,73.1,83.6,1300.0
783,19,bachillerato,bachillerato,publico,0,no_fuma,<15,cultural,16.8,83.5,77.6,1300.0
784,21,secundaria,primaria,publico,1,no_fuma,15+,cultural,26.5,52.8,69.1,1222.0
785,17,secundaria,universidad,privado,0,no_fuma,15+,deportiva,7.4,99.2,98.2,1300.0
786,18,bachillerato,bachillerato,publico,1,fumador_ocasional,<15,deportiva,7.7,90.0,82.3,1300.0
787,20,bachillerato,bachillerato,privado,1,fuma_poco,<5,deportiva,0.0,72.2,76.6,1230.0
788,17,posgrado,bachillerato,publico,0,no_fuma,<15,cultural,7.7,55.3,90.7,1272.0
789,17,primaria,bachillerato,publico,1,no_fuma,<10,cultural,21.6,77.9,94.6,1300.0
790,19,bachillerato,primaria,publico,0,no_fuma,<10,cultural,25.0,60.6,76.7,1300.0
791,21,secundaria,universidad,privado,0,no_fuma,<5,cultural,21.6,79.4,81.1,1300.0
792,20,secundaria,secundaria,publico,0,fumador_constante,<5,cultural,0.0,79.1,69.1,1294.0
793,18,universidad,universidad,publico,1,fuma_poco,<15,deportiva,22.8,65.6,76.7,1214.0
794,20,bachillerato,universidad,privado,0,no_fuma,<10,deportiva,0.0,86.2,76.2,1235.0
795,18,posgrado,universidad,publico,0,no_fuma,<10,social,21.0,83.1,79.7,1295.0
796,21,primaria,bachillerato,publico,0,no_fuma,<10,cultural,8.3,84.8,81.0,1300.0
797,18,primaria,bachillerato,publico,0,fumador_constante,15+,social,19.0,75.1,83.0,1300.0
798,19,universidad,primaria,publico,0,no_fuma,<15,deportiva,0.0,60.8,80.1,1300.0
799,19,bachillerato,universidad,publico,0,no_fuma,<10,social,23.7,84.8,67.1,1296.0
800,19,secundaria,secundaria,publico,1,no_fuma,<5,deportiva,0.0,72.3,69.6,1244.0
801,19,primaria,bachillerato,publico,0,fuma_poco,<10,deportiva,5.3,61.1,73.1,1206.0
802,20,primaria,secundaria,publico,0,fuma_poco,15+,social,2.0,88.5,75.5,1300.0
803,21,universidad,primaria,privado,0,fuma_poco,<15,deportiva,0.0,96.0,87.5,1300.0
804,18,primaria,bachillerato,publico,0,no_fuma,<10,cultural,12.9,74.6,67.5,1277.0
805,18,secundaria,primaria,publico,1,no_fuma,<15,deportiva,30.1,96.6,74.8,1263.0
806,19,secundaria,universidad,publico,1,no_fuma,<10,cultural,38.7,75.9,86.6,1300.0
807,19,secundaria,secundaria,publico,0,fuma_poco,15+,social,13.0,71.2,75.3,1296.0
808,17,primaria,sin_estudios,publico,1,no_fuma,<10,deportiva,23.2,68.7,82.1,1194.0
809,21,bachillerato,bachillerato,publico,1,fuma_poco,<5,cultural,14.3,91.4,76.7,1300.0
810,20,primaria,primaria,privado,1,fumador_ocasional,<5,deportiva,17.0,67.2,80.3,1300.0
811,18,universidad,secundaria,publico,0,fumador_ocasional,<10,cultural,8.6,82.4,75.9,1300.0
812,17,secundaria,universidad,privado,1,no_fuma,15+,deportiva,14.0,69.4,84.0,1300.0
813,17,bachillerato,primaria,privado,0,no_fuma,<10,deportiva,17.4,70.4,64.1,1257.0
814,18,universidad,universidad,publico,0,no_fuma,15+,deportiva,6.2,85.3,74.7,1300.0
815,20,bachillerato,sin_estudios,publico,0,fuma_poco,<15,deportiva,11.2,71.2,80.7,1276.0
816,17,bachillerato,secundaria,publico,0,fumador_ocasional,<5,social,11.4,71.0,82.8,1290.0
817,17,secundaria,universidad,privado,0,no_fuma,<5,deportiva,20.3,86.3,91.4,1300.0
818,21,secundaria,secundaria,publico,0,no_fuma,<5,deportiva,1.3,91.0,74.5,1280.0
819,20,bachillerato,primaria,publico,0,fumador_ocasional,<15,cultural,11.5,81.4,91.3,1300.0
820,17,posgrado,secundaria,publico,1,fumador_ocasional,<5,deportiva,31.1,68.5,72.1,1300.0
821,20,bachillerato,secundaria,privado,1,no_fuma,<10,cultural,23.6,69.9,90.0,1300.0
822,18,bachillerato,universidad,privado,0,fuma_poco,<10,social,25.5,75.8,85.4,1300.0
823,19,universidad,secundaria,publico,1,no_fuma,<15,cultural,12.2,78.2,69.8,1282.0
824,17,bachillerato,universidad,privado,1,no_fuma,<5,social,15.2,65.1,80.8,1300.0
825,21,primaria,posgrado,publico,1,fumador_constante,<10,cultural,22.0,82.2,77.5,1296.0
826,18,bachillerato,bachillerato,publico,0,fumador_ocasional,<10,deportiva,27.6,75.9,83.6,1251.0
827,20,posgrado,posgrado,privado,0,fumador_ocasional,<10,cultural,0.0,57.8,76.0,1228.0
828,18,primaria,secundaria,publico,1,no_fuma,15+,cultural,0.0,65.7,75.2,1270.0
829,17,bachillerato,posgrado,publico,0,fumador_ocasional,<5,cultural,25.1,70.0,90.3,1291.0
830,20,secundaria,primaria,publico,0,no_fuma,15+,social,9.2,74.3,77.1,1300.0
831,19,bachillerato,universidad,privado,0,no_fuma,<15,cultural,5.3,93.9,85.4,1300.0
832,18,primaria,bachillerato,privado,0,no_fuma,<15,social,0.0,77.4,76.0,1239.0
833,17,bachillerato,secundaria,publico,0,no_fuma,<15,social,6.4,66.6,93.0,1282.0
834,21,universidad,bachillerato,privado,0,fumador_ocasional,<10,cultural,0.0,77.2,71.9,1300.0
835,20,secundaria,universidad,publico,0,fuma_poco,<5,cultural,32.9,71.5,72.5,1158.0
836,18,bachillerato,sin_estudios,publico,1,no_fuma,<15,deportiva,11.8,78.2,91.7,1279.0
837,18,universidad,secundaria,publico,1,no_fuma,<10,social,11.4,80.8,74.0,1274.0
838,19,posgrado,universidad,publico,0,no_fuma,<15,cultural,17.9,87.1,92.4,1300.0
839,19,secundaria,bachillerato,publico,1,no_fuma,<10,deportiva,21.6,74.8,86.0,1300.0
840,21,secundaria,posgrado,privado,0,fuma_poco,15+,deportiva,21.5,91.4,76.6,1300.0
841,21,primaria,universidad,publico,0,fumador_ocasional,<15,cultural,22.7,84.1,61.7,1207.0
842,17,posgrado,posgrado,publico,1,no_fuma,<5,deportiva,5.7,67.9,77.8,1300.0
843,17,posgrado,universidad,publico,1,no_fuma,<10,deportiva,9.0,97.1,78.9,1300.0
844,21,bachillerato,secundaria,publico,1,fuma_poco,<15,cultural,19.7,78.3,88.5,1232.0
845,21,universidad,primaria,privado,0,fumador_ocasional,<15,deportiva,6.7,66.6,92.3,1285.0
846,20,bachillerato,universidad,publico,1,no_fuma,<10,cultural,11.9,91.5,71.8,1300.0
847,19,bachillerato,bachillerato,publico,0,no_fuma,15+,deportiva,16.0,95.8,85.2,1300.0
848,17,primaria,primaria,privado,1,fuma_poco,<10,deportiva,19.9,74.7,84.9,1254.0
849,19,universidad,secundaria,publico,1,no_fuma,<10,cultural,0.0,70.0,87.7,1300.0
850,19,primaria,posgrado,publico,0,no_fuma,15+,cultural,19.1,73.3,82.5,1280.0
851,21,universidad,bachillerato,publico,0,fuma_poco,15+,deportiva,9.7,82.1,60.5,1300.0
852,20,universidad,bachillerato,publico,1,fuma_poco,<15,deportiva,19.1,87.8,76.6,1300.0
853,18,universidad,bachillerato,privado,0,fuma_poco,15+,cultural,19.8,80.7,67.6,1268.0
854,20,sin_estudios,secundaria,privado,0,fuma_poco,<5,deportiva,28.1,76.0,76.2,1290.0
855,20,secundaria,secundaria,publico,1,fuma_poco,15+,deportiva,25.5,90.0,86.8,1300.0
856,19,secundaria,secundaria,privado,0,no_fuma,<10,deportiva,25.5,71.9,80.7,1217.0
857,20,secundaria,primaria,publico,1,no_fuma,<5,social,26.4,85.3,88.3,1300.0
858,17,primaria,universidad,publico,0,no_fuma,<5,social,14.9,72.1,81.1,1300.0
859,19,posgrado,bachillerato,publico,0,no_fuma,<10,social,12.3,79.3,66.3,1300.0
860,17,bachillerato,universidad,publico,1,fuma_poco,<10,cultural,20.7,73.9,55.3,1202.0
861,18,secundaria,universidad,publico,0,fumador_ocasional,<10,cultural,19.3,74.4,79.3,1278.0
862,19,secundaria,secundaria,publico,0,fumador_constante,<5,cultural,8.9,71.2,76.1,1300.0
863,18,secundaria,bachillerato,privado,1,fuma_poco,<10,cultural,16.0,88.4,69.2,1300.0
864,19,bachillerato,bachillerato,publico,0,no_fuma,<15,deportiva,11.6,67.7,62.7,1202.0
865,21,bachillerato,universidad,publico,0,no_fuma,<10,cultural,3.5,67.6,71.4,1300.0
866,20,posgrado,secundaria,publico,0,fumador_ocasional,<10,social,24.9,96.2,76.2,1300.0
867,21,bachillerato,universidad,publico,1,fuma_poco,<15,cultural,12.6,84.8,84.0,1300.0
868,18,posgrado,bachillerato,publico,1,fuma_poco,15+,deportiva,32.5,51.1,79.7,1300.0
869,20,universidad,secundaria,publico,1,fumador_ocasional,<15,deportiva,0.0,69.3,92.5,1300.0
870,19,secundaria,primaria,privado,0,fuma_poco,<10,cultural,6.4,56.9,68.7,1286.0
871,20,posgrado,bachillerato,publico,1,fumador_ocasional,<15,cultural,12.3,65.5,85.9,1300.0
872,17,primaria,universidad,publico,0,no_fuma,<5,social,23.4,50.0,78.4,1238.0
873,20,universidad,secundaria,publico,0,fuma_poco,<5,deportiva,16.0,73.6,84.3,1300.0
874,17,secundaria,bachillerato,publico,0,fumador_ocasional,<10,social,15.1,63.6,74.1,1265.0
875,20,universidad,secundaria,publico,1,no_fuma,15+,cultural,0.7,75.6,87.6,1300.0
876,17,universidad,universidad,privado,1,fuma_poco,<5,social,0.4,58.7,80.7,1222.0
877,18,universidad,secundaria,publico,0,no_fuma,<5,cultural,15.2,75.8,71.9,1270.0
878,21,universidad,posgrado,publico,0,fumador_constante,<5,cultural,0.0,70.9,77.9,1300.0
879,19,secundaria,secundaria,publico,1,no_fuma,15+,cultural,6.7,90.0,75.8,1300.0
880,20,primaria,secundaria,publico,0,fuma_poco,<15,cultural,17.0,89.1,82.4,1300.0
881,21,secundaria,primaria,publico,1,no_fuma,<10,social,2.2,82.9,67.4,1266.0
882,19,primaria,primaria,privado,0,fuma_poco,<15,deportiva,28.1,71.7,77.7,1142.0
883,19,bachillerato,bachillerato,publico,0,no_fuma,<10,deportiva,24.2,94.9,81.6,1300.0
884,17,secundaria,secundaria,privado,0,no_fuma,<15,social,0.0,59.5,78.3,1241.0
885,18,posgrado,universidad,publico,0,no_fuma,<5,cultural,2.7,61.0,90.1,1300.0
886,18,bachillerato,sin_estudios,privado,1,fumador_constante,15+,cultural,0.0,74.2,85.0,1300.0
887,21,universidad,secundaria,publico,0,no_fuma,<10,cultural,4.2,97.5,77.9,1300.0
888,18,primaria,secundaria,privado,1,no_fuma,<15,deportiva,19.7,73.0,80.0,1290.0
889,20,universidad,sin_estudios,publico,0,fumador_ocasional,<5,social,7.9,73.2,80.7,1271.0
890,18,posgrado,primaria,privado,0,no_fuma,<10,cultural,16.6,60.6,81.6,1244.0
891,21,bachillerato,bachillerato,publico,0,fumador_constante,<10,deportiva,0.0,84.5,61.6,1300.0
892,18,bachillerato,bachillerato,publico,0,no_fuma,<10,deportiva,20.0,84.5,75.3,1265.0
893,20,universidad,bachillerato,publico,1,fuma_poco,<5,social,6.4,82.9,64.6,1300.0
894,17,primaria,bachillerato,privado,0,no_fuma,<15,deportiva,12.1,68.7,89.5,1300.0
895,21,bachillerato,bachillerato,publico,0,no_fuma,<5,social,11.1,67.9,77.5,1278.0
896,17,secundaria,sin_estudios,privado,0,fuma_poco,<15,deportiva,0.0,62.1,76.3,1277.0
897,17,primaria,bachillerato,publico,0,fuma_poco,15+,cultural,0.5,75.8,86.1,1300.0
898,17,secundaria,posgrado,publico,0,fumador_ocasional,<15,social,21.7,64.2,81.8,1196.0
899,19,primaria,bachillerato,publico,1,no_fuma,<15,cultural,16.0,63.2,67.8,1280.0
900,19,sin_estudios,universidad,privado,0,no_fuma,<15,cultural,22.5,70.8,77.4,1226.0
901,17,primaria,secundaria,privado,0,no_fuma,<10,cultural,15.2,70.1,75.0,1193.0
902,21,posgrado,universidad,privado,0,fumador_constante,15+,deportiva,13.4,69.6,62.3,1258.0
903,20,bachillerato,universidad,publico,1,no_fuma,<10,deportiva,0.0,79.7,71.8,1300.0
904,20,posgrado,bachillerato,publico,0,no_fuma,<15,social,9.3,75.8,76.3,1300.0
905,18,secundaria,posgrado,privado,0,no_fuma,<15,social,11.7,72.1,77.0,1214.0
906,21,secundaria,primaria,publico,0,fuma_poco,<10,cultural,31.5,76.8,64.7,1246.0
907,19,bachillerato,sin_estudios,privado,0,no_fuma,<10,deportiva,18.9,65.1,88.4,1183.0
908,17,secundaria,universidad,privado,0,fumador_constante,<10,deportiva,27.4,76.1,77.1,1300.0
909,18,primaria,universidad,privado,0,no_fuma,15+,deportiva,18.0,76.5,78.3,1300.0
910,20,bachillerato,primaria,privado,1,fumador_ocasional,15+,cultural,4.9,60.0,81.6,1300.0
911,19,secundaria,secundaria,publico,0,no_fuma,<10,social,13.2,85.0,70.9,1300.0
912,19,bachillerato,sin_estudios,publico,1,fuma_poco,<15,cultural,14.4,66.2,82.1,1209.0
913,17,bachillerato,secundaria,privado,0,fumador_constante,15+,social,2.6,75.9,74.7,1300.0
914,20,primaria,universidad,publico,0,no_fuma,<5,deportiva,8.2,86.6,69.9,1293.0
915,21,primaria,bachillerato,privado,0,fumador_constante,<5,deportiva,9.9,84.3,83.2,1300.0
916,19,universidad,secundaria,privado,0,no_fuma,<15,deportiva,28.1,75.3,91.4,1300.0
917,17,bachillerato,secundaria,publico,1,fumador_constante,15+,cultural,0.0,71.4,84.5,1300.0
918,21,primaria,sin_estudios,privado,0,fuma_poco,15+,deportiva,24.1,84.5,86.3,1274.0
919,20,posgrado,secundaria,publico,0,no_fuma,<10,social,2.6,81.7,73.3,1261.0
920,19,primaria,bachillerato,publico,0,no_fuma,<5,deportiva,0.0,68.8,63.6,1300.0
921,21,bachillerato,posgrado,publico,1,no_fuma,<10,social,23.8,67.1,91.4,1300.0
922,21,posgrado,universidad,publico,0,no_fuma,<5,cultural,19.3,54.3,96.5,1300.0
923,21,secundaria,sin_estudios,publico,1,no_fuma,<10,social,24.5,76.5,91.9,1267.0
924,19,primaria,posgrado,publico,0,no_fuma,<15,cultural,20.0,74.2,75.0,1253.0
925,19,primaria,universidad,privado,0,no_fuma,<5,social,32.6,86.4,67.6,1201.0
926,18,secundaria,universidad,privado,0,fumador_ocasional,15+,deportiva,17.6,78.6,68.4,1300.0
927,20,primaria,bachillerato,publico,0,no_fuma,<10,cultural,10.4,88.3,62.8,1234.0
928,17,bachillerato,secundaria,publico,0,no_fuma,<15,social,15.4,68.0,77.0,1300.0
929,21,primaria,secundaria,privado,0,fuma_poco,<5,deportiva,24.4,86.4,92.5,1247.0
930,18,bachillerato,primaria,publico,1,no_fuma,<10,deportiva,4.2,69.7,76.7,1300.0
931,17,posgrado,secundaria,publico,1,no_fuma,<5,cultural,5.5,82.8,80.7,1300.0
932,18,universidad,secundaria,publico,1,no_fuma,15+,social,8.9,60.4,90.4,1300.0
933,19,bachillerato,bachillerato,publico,0,fumador_constante,15+,cultural,0.0,77.4,74.4,1300.0
934,21,secundaria,universidad,publico,0,fumador_ocasional,<10,cultural,13.4,55.2,96.3,1247.0
935,17,bachillerato,bachillerato,privado,0,no_fuma,<5,deportiva,0.0,72.3,95.9,1273.0
936,17,bachillerato,primaria,publico,1,fuma_poco,15+,deportiva,12.5,79.4,76.8,1300.0
937,17,secundaria,posgrado,publico,1,no_fuma,<10,social,20.7,69.8,72.8,1300.0
938,17,primaria,posgrado,publico,0,fuma_poco,<5,deportiva,7.2,64.5,84.3,1275.0
939,17,universidad,universidad,publico,0,fuma_poco,<15,cultural,28.8,83.5,74.9,1257.0
940,18,secundaria,posgrado,privado,0,fuma_poco,15+,social,0.0,74.0,67.6,1193.0
941,21,primaria,bachillerato,privado,0,no_fuma,<5,deportiva,23.9,70.1,89.5,1222.0
942,19,secundaria,posgrado,privado,0,no_fuma,<5,cultural,18.8,75.4,88.9,1300.0
943,19,secundaria,primaria,publico,0,no_fuma,15+,deportiva,0.0,100.0,79.4,1300.0
944,19,universidad,secundaria,privado,1,fumador_ocasional,<5,cultural,39.1,86.5,66.6,1300.0
945,19,universidad,secundaria,privado,0,fuma_poco,<5,deportiva,11.4,86.6,66.9,1300.0
946,18,universidad,secundaria,privado,0,fumador_ocasional,<15,cultural,3.2,79.4,79.0,1300.0
947,20,sin_estudios,primaria,publico,1,fumador_constante,15+,deportiva,0.0,76.7,73.5,1293.0
948,21,secundaria,bachillerato,publico,0,no_fuma,<10,cultural,9.8,51.0,74.9,1296.0
949,17,bachillerato,universidad,publico,0,fuma_poco,15+,cultural,10.7,68.2,87.2,1300.0
950,20,sin_estudios,bachillerato,privado,0,fuma_poco,<15,deportiva,13.0,70.2,84.6,1180.0
951,19,secundaria,primaria,publico,0,fumador_constante,<5,cultural,9.0,56.3,90.4,1232.0
952,20,universidad,universidad,publico,0,fumador_constante,15+,deportiva,18.3,63.4,69.1,1253.0
953,21,primaria,bachillerato,privado,1,fuma_poco,<10,cultural,8.1,55.2,74.9,1226.0
954,17,bachillerato,secundaria,privado,0,no_fuma,<10,deportiva,0.0,74.6,84.8,1300.0
955,17,secundaria,universidad,privado,0,fumador_ocasional,<15,cultural,10.5,83.2,82.0,1300.0
956,21,sin_estudios,secundaria,publico,0,no_fuma,<10,deportiva,0.0,86.1,91.8,1300.0
957,21,secundaria,secundaria,privado,0,fumador_ocasional,<5,cultural,15.5,79.1,81.8,1300.0
958,19,posgrado,posgrado,publico,1,fumador_constante,<5,deportiva,2.2,65.4,94.6,1300.0
959,17,universidad,secundaria,publico,1,no_fuma,<10,cultural,13.6,55.7,82.9,1300.0
960,20,posgrado,bachillerato,publico,0,fuma_poco,15+,deportiva,25.1,57.4,87.6,1257.0
961,18,bachillerato,posgrado,publico,1,no_fuma,<15,social,2.5,62.3,75.1,1300.0
962,18,primaria,universidad,publico,0,no_fuma,15+,social,22.6,66.1,78.1,1247.0
963,21,bachillerato,primaria,privado,1,no_fuma,<10,deportiva,7.7,73.4,86.2,1300.0
964,19,bachillerato,primaria,publico,0,fumador_ocasional,<10,cultural,29.5,64.9,92.5,1288.0
965,18,universidad,sin_estudios,privado,1,fumador_constante,<5,deportiva,8.3,78.4,84.6,1300.0
966,17,primaria,bachillerato,publico,1,fumador_constante,<5,deportiva,3.6,72.7,77.3,1284.0
967,21,bachillerato,bachillerato,publico,0,no_fuma,<10,cultural,18.9,75.1,90.4,1255.0
968,20,primaria,primaria,publico,0,fumador_ocasional,<15,cultural,7.6,86.4,58.3,1300.0
969,21,secundaria,posgrado,publico,1,fuma_poco,15+,cultural,3.6,63.2,65.2,1280.0
970,20,universidad,bachillerato,publico,1,no_fuma,15+,deportiva,7.2,79.2,84.1,1300.0
971,21,bachillerato,secundaria,publico,0,no_fuma,<5,deportiva,11.6,74.9,78.1,1205.0
972,21,secundaria,bachillerato,publico,1,no_fuma,15+,deportiva,25.4,71.7,83.4,1293.0
973,21,secundaria,universidad,publico,0,fumador_constante,<10,cultural,0.0,83.9,78.6,1300.0
974,20,bachillerato,primaria,publico,0,fuma_poco,<5,cultural,12.2,83.8,83.1,1300.0
975,20,universidad,secundaria,privado,0,fuma_poco,15+,cultural,18.2,65.5,70.7,1131.0
976,21,universidad,universidad,publico,0,no_fuma,<15,deportiva,13.9,73.2,83.1,1300.0
977,18,posgrado,bachillerato,privado,1,fuma_poco,<5,deportiva,25.1,77.8,86.9,1281.0
978,19,universidad,bachillerato,privado,0,no_fuma,<10,deportiva,11.3,72.3,89.0,1300.0
979,19,secundaria,bachillerato,privado,1,no_fuma,<10,deportiva,10.2,80.9,96.1,1300.0
980,19,bachillerato,primaria,privado,0,fuma_poco,<15,deportiva,17.9,77.8,80.2,1249.0
981,20,secundaria,secundaria,publico,0,no_fuma,<10,social,13.0,93.3,80.5,1300.0
982,20,secundaria,bachillerato,privado,0,fumador_ocasional,15+,social,8.1,59.7,64.3,1196.0
983,18,universidad,secundaria,privado,0,no_fuma,<5,cultural,17.2,73.8,73.2,1245.0
984,19,sin_estudios,primaria,publico,0,fuma_poco,<10,cultural,5.5,65.9,76.3,1181.0
985,19,posgrado,universidad,publico,0,no_fuma,<10,deportiva,5.9,81.0,87.5,1277.0
986,21,bachillerato,posgrado,publico,0,fuma_poco,<10,social,6.7,58.8,72.5,1300.0
987,20,bachillerato,universidad,privado,0,no_fuma,<10,deportiva,25.5,78.5,85.2,1247.0
988,19,bachillerato,universidad,privado,0,no_fuma,<15,social,0.0,68.7,78.0,1298.0
989,18,universidad,secundaria,publico,0,fumador_constante,15+,cultural,16.0,67.7,76.4,1300.0
990,18,bachillerato,posgrado,publico,1,no_fuma,15+,deportiva,12.3,60.5,80.2,1290.0
991,19,bachillerato,secundaria,publico,1,fumador_ocasional,15+,social,0.0,70.3,74.5,1283.0
992,20,primaria,posgrado,publico,0,fumador_constante,15+,deportiva,15.1,85.8,74.1,1300.0
993,18,bachillerato,posgrado,privado,0,no_fuma,<15,cultural,16.8,74.7,62.7,1300.0
994,21,primaria,universidad,publico,0,no_fuma,15+,cultural,17.9,81.3,75.8,1249.0
995,18,universidad,posgrado,publico,1,fuma_poco,<10,deportiva,0.0,91.6,73.7,1300.0
996,17,bachillerato,bachillerato,publico,0,fumador_constante,<10,cultural,25.7,77.6,73.4,1207.0
997,17,bachillerato,secundaria,privado,0,fumador_constante,<10,cultural,4.6,69.4,81.8,1291.0
998,20,sin_estudios,bachillerato,publico,0,no_fuma,<10,cultural,18.9,79.7,83.9,1287.0
999,19,primaria,bachillerato,privado,0,fumador_ocasional,<10,deportiva,19.4,69.6,80.1,1232.0
